Number,Date-Time,Temp(Â°C),Salinity(psu),Conduct(mS/cm),Velocity(m/sec)
1,18.03.2024 13:00:00,"14,30","0,02","0,02","1462,71"
2,18.03.2024 15:00:00,"13,65","0,01","0,00","1460,34"
3,18.03.2024 17:00:00,"13,30","0,01","0,00","1459,08"
4,18.03.2024 19:00:00,"12,99","0,01","0,00","1457,92"
5,18.03.2024 21:00:00,"12,83","0,02","0,02","1457,35"
6,18.03.2024 23:00:00,"12,73","0,01","0,00","1456,99"
7,19.03.2024 01:00:00,"12,58","0,01","0,00","1456,40"
8,19.03.2024 03:00:00,"12,39","0,02","0,02","1455,70"
9,19.03.2024 05:00:00,"12,20","0,01","0,00","1454,97"
10,19.03.2024 07:00:00,"12,07","0,01","0,00","1454,49"
11,19.03.2024 09:00:00,"11,91","0,01","0,00","1453,89"
12,19.03.2024 11:00:00,"11,88","0,01","0,00","1453,77"
13,19.03.2024 13:00:00,"11,84","0,01","0,00","1453,65"
14,19.03.2024 15:00:00,"11,81","0,01","0,00","1453,53"
15,19.03.2024 17:00:00,"11,84","0,01","0,00","1453,65"
16,19.03.2024 19:00:00,"11,94","0,01","0,00","1454,01"
17,19.03.2024 21:00:00,"12,00","0,01","0,00","1454,25"
18,19.03.2024 23:00:00,"12,07","0,01","0,00","1454,49"
19,20.03.2024 01:00:00,"12,10","0,01","0,00","1454,61"
20,20.03.2024 03:00:00,"12,20","0,02","0,02","1454,99"
21,20.03.2024 05:00:00,"12,26","0,01","0,00","1455,21"
22,20.03.2024 07:00:00,"12,29","0,01","0,00","1455,33"
23,20.03.2024 09:00:00,"12,32","0,01","0,00","1455,45"
24,20.03.2024 11:00:00,"12,39","0,02","0,02","1455,70"
25,20.03.2024 13:00:00,"12,39","0,01","0,00","1455,69"
26,20.03.2024 15:00:00,"12,42","0,02","0,02","1455,82"
27,20.03.2024 17:00:00,"12,42","0,01","0,00","1455,81"
28,20.03.2024 19:00:00,"12,48","0,02","0,02","1456,06"
29,20.03.2024 21:00:00,"12,54","0,02","0,02","1456,30"
30,20.03.2024 23:00:00,"12,54","0,01","0,00","1456,28"
31,21.03.2024 01:00:00,"12,54","0,01","0,00","1456,28"
32,21.03.2024 03:00:00,"12,58","0,01","0,00","1456,40"
33,21.03.2024 05:00:00,"12,54","0,01","0,00","1456,28"
34,21.03.2024 07:00:00,"12,48","0,01","0,00","1456,05"
35,21.03.2024 09:00:00,"12,45","0,01","0,00","1455,93"
36,21.03.2024 11:00:00,"12,42","0,02","0,02","1455,82"
37,21.03.2024 13:00:00,"12,35","0,01","0,00","1455,57"
38,21.03.2024 15:00:00,"12,29","0,01","0,00","1455,33"
39,21.03.2024 17:00:00,"12,26","0,02","0,02","1455,23"
40,21.03.2024 19:00:00,"12,42","0,01","0,00","1455,81"
41,21.03.2024 21:00:00,"12,80","0,01","0,00","1457,22"
42,21.03.2024 23:00:00,"13,02","0,01","0,00","1458,04"
43,22.03.2024 01:00:00,"12,67","0,01","0,00","1456,75"
44,22.03.2024 03:00:00,"12,23","0,01","0,00","1455,09"
45,22.03.2024 05:00:00,"11,91","0,01","0,00","1453,89"
46,22.03.2024 07:00:00,"11,78","0,01","0,00","1453,40"
47,22.03.2024 09:00:00,"11,94","0,01","0,00","1454,01"
48,22.03.2024 11:00:00,"12,48","0,02","0,02","1456,06"
49,22.03.2024 13:00:00,"12,89","0,01","0,00","1457,58"
50,22.03.2024 15:00:00,"12,70","0,01","0,00","1456,87"
51,22.03.2024 17:00:00,"12,45","0,01","0,00","1455,93"
52,22.03.2024 19:00:00,"11,97","0,01","0,00","1454,13"
53,22.03.2024 21:00:00,"11,52","0,01","0,00","1452,43"
54,22.03.2024 23:00:00,"11,23","0,01","0,00","1451,31"
55,23.03.2024 01:00:00,"11,01","0,01","0,00","1450,44"
56,23.03.2024 03:00:00,"10,78","0,01","0,00","1449,56"
57,23.03.2024 05:00:00,"10,55","0,01","0,00","1448,67"
58,23.03.2024 07:00:00,"10,45","0,01","0,00","1448,29"
59,23.03.2024 09:00:00,"10,75","0,01","0,00","1449,43"
60,23.03.2024 11:00:00,"11,20","0,01","0,00","1451,19"
61,23.03.2024 13:00:00,"11,62","0,01","0,00","1452,79"
62,23.03.2024 15:00:00,"11,88","0,01","0,00","1453,77"
63,23.03.2024 17:00:00,"12,07","0,01","0,00","1454,49"
64,23.03.2024 19:00:00,"12,16","0,01","0,00","1454,85"
65,23.03.2024 21:00:00,"12,10","0,01","0,00","1454,61"
66,23.03.2024 23:00:00,"11,81","0,01","0,00","1453,53"
67,24.03.2024 01:00:00,"11,52","0,01","0,00","1452,43"
68,24.03.2024 03:00:00,"11,07","0,01","0,00","1450,69"
69,24.03.2024 05:00:00,"10,65","0,01","0,00","1449,05"
70,24.03.2024 07:00:00,"10,26","0,01","0,00","1447,52"
71,24.03.2024 09:00:00,"10,22","0,01","0,00","1447,39"
72,24.03.2024 11:00:00,"11,04","0,01","0,00","1450,57"
73,24.03.2024 13:00:00,"11,84","0,02","0,02","1453,66"
74,24.03.2024 15:00:00,"12,20","0,02","0,02","1454,99"
75,24.03.2024 17:00:00,"12,51","0,01","0,00","1456,16"
76,24.03.2024 19:00:00,"12,58","0,02","0,02","1456,41"
77,24.03.2024 21:00:00,"12,32","0,01","0,00","1455,45"
78,24.03.2024 23:00:00,"12,23","0,01","0,00","1455,09"
79,25.03.2024 01:00:00,"11,94","0,02","0,02","1454,02"
80,25.03.2024 03:00:00,"11,59","0,01","0,00","1452,67"
81,25.03.2024 05:00:00,"11,23","0,01","0,00","1451,31"
82,25.03.2024 07:00:00,"10,94","0,01","0,00","1450,19"
83,25.03.2024 09:00:00,"11,14","0,01","0,00","1450,94"
84,25.03.2024 11:00:00,"11,59","0,01","0,00","1452,67"
85,25.03.2024 13:00:00,"11,62","0,01","0,00","1452,79"
86,25.03.2024 15:00:00,"11,56","0,01","0,00","1452,55"
87,25.03.2024 17:00:00,"11,49","0,01","0,00","1452,30"
88,25.03.2024 19:00:00,"11,43","0,01","0,00","1452,06"
89,25.03.2024 21:00:00,"11,59","0,01","0,00","1452,67"
90,25.03.2024 23:00:00,"11,33","0,01","0,00","1451,69"
91,26.03.2024 01:00:00,"11,10","0,01","0,00","1450,82"
92,26.03.2024 03:00:00,"10,81","0,01","0,00","1449,69"
93,26.03.2024 05:00:00,"10,62","0,01","0,00","1448,93"
94,26.03.2024 07:00:00,"10,49","0,01","0,00","1448,41"
95,26.03.2024 09:00:00,"10,72","0,01","0,00","1449,31"
96,26.03.2024 11:00:00,"11,33","0,01","0,00","1451,69"
97,26.03.2024 13:00:00,"11,65","0,01","0,00","1452,92"
98,26.03.2024 15:00:00,"12,10","0,01","0,00","1454,61"
99,26.03.2024 17:00:00,"12,48","0,01","0,00","1456,05"
100,26.03.2024 19:00:00,"12,51","0,01","0,00","1456,16"
101,26.03.2024 21:00:00,"12,39","0,01","0,00","1455,69"
102,26.03.2024 23:00:00,"12,32","0,01","0,00","1455,45"
103,27.03.2024 01:00:00,"12,20","0,02","0,02","1454,99"
104,27.03.2024 03:00:00,"11,97","0,01","0,00","1454,13"
105,27.03.2024 05:00:00,"11,78","0,01","0,00","1453,40"
106,27.03.2024 07:00:00,"11,59","0,01","0,00","1452,67"
107,27.03.2024 09:00:00,"11,97","0,02","0,02","1454,15"
108,27.03.2024 11:00:00,"12,80","0,02","0,02","1457,24"
109,27.03.2024 13:00:00,"12,61","0,01","0,00","1456,52"
110,27.03.2024 15:00:00,"12,29","0,01","0,00","1455,33"
111,27.03.2024 17:00:00,"12,13","0,01","0,00","1454,73"
112,27.03.2024 19:00:00,"12,16","0,01","0,00","1454,85"
113,27.03.2024 21:00:00,"11,94","0,01","0,00","1454,01"
114,27.03.2024 23:00:00,"11,84","0,01","0,00","1453,65"
115,28.03.2024 01:00:00,"11,94","0,01","0,00","1454,01"
116,28.03.2024 03:00:00,"12,13","0,01","0,00","1454,73"
117,28.03.2024 05:00:00,"12,32","0,01","0,00","1455,45"
118,28.03.2024 07:00:00,"12,48","0,01","0,00","1456,05"
119,28.03.2024 09:00:00,"12,67","0,01","0,00","1456,75"
120,28.03.2024 11:00:00,"12,58","0,01","0,00","1456,40"
121,28.03.2024 13:00:00,"12,39","0,01","0,00","1455,69"
122,28.03.2024 15:00:00,"12,73","0,01","0,00","1456,99"
123,28.03.2024 17:00:00,"12,73","0,01","0,00","1456,99"
124,28.03.2024 19:00:00,"12,64","0,01","0,00","1456,64"
125,28.03.2024 21:00:00,"12,54","0,01","0,00","1456,28"
126,28.03.2024 23:00:00,"12,61","0,02","0,02","1456,53"
127,29.03.2024 01:00:00,"12,54","0,01","0,00","1456,28"
128,29.03.2024 03:00:00,"12,42","0,01","0,00","1455,81"
129,29.03.2024 05:00:00,"12,29","0,01","0,00","1455,33"
130,29.03.2024 07:00:00,"12,13","0,01","0,00","1454,73"
131,29.03.2024 09:00:00,"12,54","0,01","0,00","1456,28"
132,29.03.2024 11:00:00,"12,99","0,01","0,00","1457,92"
133,29.03.2024 13:00:00,"13,21","0,01","0,00","1458,74"
134,29.03.2024 15:00:00,"13,27","0,01","0,00","1458,97"
135,29.03.2024 17:00:00,"13,08","0,01","0,00","1458,27"
136,29.03.2024 19:00:00,"12,61","0,01","0,00","1456,52"
137,29.03.2024 21:00:00,"12,29","0,01","0,00","1455,33"
138,29.03.2024 23:00:00,"12,32","0,01","0,00","1455,45"
139,30.03.2024 01:00:00,"12,23","0,01","0,00","1455,09"
140,30.03.2024 03:00:00,"11,97","0,01","0,00","1454,13"
141,30.03.2024 05:00:00,"11,72","0,01","0,00","1453,16"
142,30.03.2024 07:00:00,"11,43","0,01","0,00","1452,06"
143,30.03.2024 09:00:00,"11,75","0,01","0,00","1453,28"
144,30.03.2024 11:00:00,"10,13","2,22","2,98","1449,73"
145,30.03.2024 13:00:00,"9,40","2,14","2,83","1446,76"
146,30.03.2024 15:00:00,"10,72","2,00","2,74","1451,76"
147,30.03.2024 17:00:00,"11,04","1,98","2,74","1452,99"
148,30.03.2024 19:00:00,"10,81","2,25","3,07","1452,44"
149,30.03.2024 21:00:00,"10,13","2,40","3,21","1449,96"
150,30.03.2024 23:00:00,"9,40","2,52","3,30","1447,23"
151,31.03.2024 01:00:00,"8,66","2,60","3,32","1444,36"
152,31.03.2024 03:00:00,"7,98","2,69","3,38","1441,71"
153,31.03.2024 05:00:00,"7,37","2,74","3,38","1439,20"
154,31.03.2024 07:00:00,"6,88","2,77","3,37","1437,21"
155,31.03.2024 09:00:00,"6,92","2,82","3,43","1437,42"
156,31.03.2024 11:00:00,"8,43","2,81","3,56","1443,67"
157,31.03.2024 13:00:00,"10,62","2,77","3,72","1452,33"
158,31.03.2024 15:00:00,"11,36","2,51","3,45","1454,87"
159,31.03.2024 17:00:00,"11,88","2,50","3,48","1456,81"
160,31.03.2024 19:00:00,"11,78","2,76","3,81","1456,76"
161,31.03.2024 21:00:00,"11,14","2,87","3,90","1454,45"
162,31.03.2024 23:00:00,"10,39","2,95","3,92","1451,66"
163,01.04.2024 01:00:00,"9,60","2,99","3,89","1448,60"
164,01.04.2024 03:00:00,"8,86","3,00","3,83","1445,68"
165,01.04.2024 05:00:00,"8,19","3,03","3,79","1442,97"
166,01.04.2024 07:00:00,"7,61","3,02","3,73","1440,57"
167,01.04.2024 09:00:00,"7,92","3,05","3,79","1441,88"
168,01.04.2024 11:00:00,"10,85","3,10","4,16","1453,62"
169,01.04.2024 13:00:00,"13,08","3,06","4,35","1461,96"
170,01.04.2024 15:00:00,"13,52","2,94","4,23","1463,41"
171,01.04.2024 17:00:00,"13,58","2,87","4,14","1463,55"
172,01.04.2024 19:00:00,"12,80","2,91","4,11","1460,73"
173,01.04.2024 21:00:00,"11,88","2,95","4,08","1457,36"
174,01.04.2024 23:00:00,"10,91","2,98","4,01","1453,72"
175,02.04.2024 01:00:00,"9,93","2,96","3,89","1449,88"
176,02.04.2024 03:00:00,"9,10","2,93","3,77","1446,54"
177,02.04.2024 05:00:00,"8,43","2,91","3,68","1443,79"
178,02.04.2024 07:00:00,"7,98","2,92","3,64","1441,99"
179,02.04.2024 09:00:00,"8,26","2,90","3,65","1443,08"
180,02.04.2024 11:00:00,"11,07","2,92","3,95","1454,27"
181,02.04.2024 13:00:00,"13,61","2,87","4,14","1463,66"
182,02.04.2024 15:00:00,"14,76","2,73","4,06","1467,58"
183,02.04.2024 17:00:00,"14,58","2,70","4,00","1466,89"
184,02.04.2024 19:00:00,"13,61","2,76","3,99","1463,53"
185,02.04.2024 21:00:00,"12,45","2,80","3,93","1459,31"
186,02.04.2024 23:00:00,"11,20","2,34","3,22","1454,05"
187,03.04.2024 01:00:00,"10,42","2,25","3,04","1450,92"
188,03.04.2024 03:00:00,"9,76","2,26","3,00","1448,36"
189,03.04.2024 05:00:00,"9,10","2,23","2,91","1445,67"
190,03.04.2024 07:00:00,"8,56","2,24","2,88","1443,50"
191,03.04.2024 09:00:00,"8,56","2,24","2,88","1443,50"
192,03.04.2024 11:00:00,"10,65","2,26","3,07","1451,82"
193,03.04.2024 13:00:00,"12,83","2,27","3,25","1460,07"
194,03.04.2024 15:00:00,"14,11","2,17","3,23","1464,62"
195,03.04.2024 17:00:00,"12,96","2,17","3,13","1460,42"
196,03.04.2024 19:00:00,"11,94","2,14","3,01","1456,61"
197,03.04.2024 21:00:00,"11,04","2,17","2,98","1453,22"
198,03.04.2024 23:00:00,"10,16","2,15","2,89","1449,77"
199,04.04.2024 01:00:00,"9,37","2,05","2,71","1446,51"
200,04.04.2024 03:00:00,"8,76","2,06","2,68","1444,10"
201,04.04.2024 05:00:00,"8,12","2,04","2,61","1441,45"
202,04.04.2024 07:00:00,"7,30","2,04","2,55","1438,03"
203,04.04.2024 09:00:00,"6,71","2,05","2,52","1435,54"
204,04.04.2024 11:00:00,"6,43","2,04","2,49","1434,33"
205,04.04.2024 13:00:00,"6,32","2,04","2,49","1433,89"
206,04.04.2024 15:00:00,"6,11","2,03","2,46","1432,96"
207,04.04.2024 17:00:00,"5,86","2,04","2,46","1431,90"
208,04.04.2024 19:00:00,"4,16","28,24","26,92","1458,37"
209,04.04.2024 21:00:00,"4,16","28,20","26,89","1458,33"
210,04.04.2024 23:00:00,"3,64","15,53","15,34","1439,59"
211,05.04.2024 01:00:00,"3,56","10,88","11,02","1433,21"
212,05.04.2024 03:00:00,"3,56","8,62","8,88","1430,27"
213,05.04.2024 05:00:00,"3,67","7,95","8,26","1429,89"
214,05.04.2024 07:00:00,"3,82","6,61","6,99","1428,82"
215,05.04.2024 09:00:00,"4,52","5,92","6,43","1431,05"
216,05.04.2024 11:00:00,"5,07","4,89","5,46","1432,12"
217,05.04.2024 13:00:00,"7,40","4,53","5,42","1441,61"
218,05.04.2024 15:00:00,"7,61","4,03","4,88","1441,84"
219,05.04.2024 17:00:00,"7,64","3,66","4,47","1441,52"
220,05.04.2024 19:00:00,"5,90","3,95","4,58","1434,50"
221,05.04.2024 21:00:00,"4,93","3,95","4,45","1430,27"
222,05.04.2024 23:00:00,"6,64","27,97","28,54","1468,22"
223,06.04.2024 01:00:00,"6,43","27,80","28,22","1467,16"
224,06.04.2024 03:00:00,"6,21","27,72","27,99","1466,20"
225,06.04.2024 05:00:00,"6,00","27,67","27,78","1465,28"
226,06.04.2024 07:00:00,"5,90","27,59","27,64","1464,75"
227,06.04.2024 09:00:00,"6,64","27,60","28,20","1467,75"
228,06.04.2024 11:00:00,"7,54","27,66","28,93","1471,39"
229,06.04.2024 13:00:00,"8,56","27,70","29,75","1475,39"
230,06.04.2024 15:00:00,"9,13","27,73","30,21","1477,59"
231,06.04.2024 17:00:00,"9,37","24,67","27,33","1474,65"
232,06.04.2024 19:00:00,"8,66","24,43","26,60","1471,67"
233,06.04.2024 21:00:00,"7,88","24,01","25,67","1468,13"
234,06.04.2024 23:00:00,"7,23","23,40","24,65","1464,78"
235,07.04.2024 01:00:00,"6,67","23,16","24,06","1462,25"
236,07.04.2024 03:00:00,"6,18","22,90","23,50","1459,91"
237,07.04.2024 05:00:00,"5,75","22,65","23,00","1457,84"
238,07.04.2024 07:00:00,"5,50","22,53","22,74","1456,66"
239,07.04.2024 09:00:00,"6,32","22,47","23,19","1459,94"
240,07.04.2024 11:00:00,"9,40","22,58","25,23","1472,17"
241,07.04.2024 13:00:00,"14,61","23,09","29,24","1491,28"
242,07.04.2024 15:00:00,"14,73","22,73","28,90","1491,25"
243,07.04.2024 17:00:00,"13,65","22,18","27,56","1486,95"
244,07.04.2024 19:00:00,"12,32","21,84","26,32","1481,95"
245,07.04.2024 21:00:00,"11,07","21,48","25,15","1477,03"
246,07.04.2024 23:00:00,"9,93","21,14","24,09","1472,39"
247,08.04.2024 01:00:00,"8,93","20,86","23,20","1468,26"
248,08.04.2024 03:00:00,"8,09","20,62","22,46","1464,67"
249,08.04.2024 05:00:00,"7,30","20,49","21,87","1461,37"
250,08.04.2024 07:00:00,"6,71","20,38","21,42","1458,85"
251,08.04.2024 09:00:00,"7,71","20,34","21,96","1462,83"
252,08.04.2024 11:00:00,"14,24","20,93","26,50","1487,45"
253,08.04.2024 13:00:00,"19,35","21,75","30,79","1504,52"
254,08.04.2024 15:00:00,"18,78","20,75","29,15","1501,70"
255,08.04.2024 17:00:00,"15,96","19,99","26,45","1492,02"
256,08.04.2024 19:00:00,"14,14","19,70","25,03","1485,67"
257,08.04.2024 21:00:00,"12,67","19,47","23,90","1480,30"
258,08.04.2024 23:00:00,"11,56","19,21","22,98","1476,01"
259,09.04.2024 01:00:00,"10,58","18,97","22,18","1472,16"
260,09.04.2024 03:00:00,"9,83","18,86","21,65","1469,19"
261,09.04.2024 05:00:00,"9,07","18,72","21,08","1466,09"
262,09.04.2024 07:00:00,"8,49","18,67","20,72","1463,81"
263,09.04.2024 09:00:00,"9,37","18,68","21,20","1467,20"
264,09.04.2024 11:00:00,"15,59","19,27","25,37","1489,98"
265,09.04.2024 13:00:00,"19,73","19,75","28,44","1503,38"
266,09.04.2024 15:00:00,"19,79","18,95","27,44","1502,65"
267,09.04.2024 17:00:00,"17,23","17,97","24,70","1493,71"
268,09.04.2024 19:00:00,"15,65","17,92","23,78","1488,59"
269,09.04.2024 21:00:00,"13,96","17,84","22,76","1482,81"
270,09.04.2024 23:00:00,"12,67","17,51","21,69","1477,93"
271,10.04.2024 01:00:00,"11,36","17,42","20,91","1473,11"
272,10.04.2024 03:00:00,"10,26","17,30","20,22","1468,88"
273,10.04.2024 05:00:00,"9,37","17,25","19,71","1465,42"
274,10.04.2024 07:00:00,"8,70","17,20","19,32","1462,76"
275,10.04.2024 09:00:00,"9,43","17,19","19,68","1465,60"
276,10.04.2024 11:00:00,"11,07","17,20","20,53","1471,78"
277,10.04.2024 13:00:00,"12,04","17,22","21,04","1475,31"
278,10.04.2024 15:00:00,"11,33","17,14","20,59","1472,66"
279,10.04.2024 17:00:00,"10,81","17,11","20,29","1470,70"
280,10.04.2024 19:00:00,"10,09","17,00","19,81","1467,88"
281,10.04.2024 21:00:00,"9,43","16,80","19,27","1465,12"
282,10.04.2024 23:00:00,"8,97","15,94","18,15","1462,24"
283,11.04.2024 01:00:00,"8,80","17,49","19,67","1463,52"
284,11.04.2024 03:00:00,"8,60","17,47","19,55","1462,71"
285,11.04.2024 05:00:00,"8,39","17,45","19,43","1461,89"
286,11.04.2024 07:00:00,"8,22","17,45","19,34","1461,22"
287,11.04.2024 09:00:00,"8,29","17,47","19,40","1461,52"
288,11.04.2024 11:00:00,"8,63","17,48","19,58","1462,86"
289,11.04.2024 13:00:00,"8,83","17,50","19,70","1463,67"
290,11.04.2024 15:00:00,"8,73","17,46","19,62","1463,23"
291,11.04.2024 17:00:00,"8,53","17,42","19,47","1462,38"
292,11.04.2024 19:00:00,"8,26","17,38","19,29","1461,26"
293,11.04.2024 21:00:00,"8,05","17,13","18,93","1460,14"
294,11.04.2024 23:00:00,"7,88","16,74","18,46","1458,98"
295,12.04.2024 01:00:00,"7,75","15,53","17,16","1456,90"
296,12.04.2024 03:00:00,"7,64","14,65","16,22","1455,37"
297,12.04.2024 05:00:00,"7,61","14,49","16,04","1455,03"
298,12.04.2024 07:00:00,"7,64","14,47","16,04","1455,15"
299,12.04.2024 09:00:00,"8,12","14,45","16,22","1457,05"
300,12.04.2024 11:00:00,"8,39","14,40","16,29","1458,06"
301,12.04.2024 13:00:00,"8,49","14,30","16,23","1458,34"
302,12.04.2024 15:00:00,"8,66","14,27","16,26","1458,96"
303,12.04.2024 17:00:00,"8,63","14,17","16,14","1458,71"
304,12.04.2024 19:00:00,"8,56","14,11","16,05","1458,37"
305,12.04.2024 21:00:00,"8,43","13,99","15,87","1457,68"
306,12.04.2024 23:00:00,"8,29","13,76","15,58","1456,86"
307,13.04.2024 01:00:00,"8,12","11,70","13,35","1453,59"
308,13.04.2024 03:00:00,"7,95","11,70","13,29","1452,90"
309,13.04.2024 05:00:00,"7,75","11,62","13,14","1451,98"
310,13.04.2024 07:00:00,"7,68","11,59","13,08","1451,66"
311,13.04.2024 09:00:00,"8,80","11,62","13,51","1456,19"
312,13.04.2024 11:00:00,"11,10","11,71","14,42","1465,17"
313,13.04.2024 13:00:00,"11,33","11,67","14,46","1465,96"
314,13.04.2024 15:00:00,"12,96","11,54","14,89","1471,73"
315,13.04.2024 17:00:00,"13,18","11,32","14,71","1472,26"
316,13.04.2024 19:00:00,"12,58","11,30","14,47","1470,07"
317,13.04.2024 21:00:00,"11,88","11,22","14,14","1467,43"
318,13.04.2024 23:00:00,"11,27","11,14","13,83","1465,07"
319,14.04.2024 01:00:00,"10,68","10,95","13,41","1462,64"
320,14.04.2024 03:00:00,"10,19","10,80","13,08","1460,59"
321,14.04.2024 05:00:00,"9,70","10,75","12,87","1458,63"
322,14.04.2024 07:00:00,"9,33","10,75","12,74","1457,20"
323,14.04.2024 09:00:00,"10,36","10,75","13,08","1461,16"
324,14.04.2024 11:00:00,"16,08","11,16","15,55","1482,04"
325,14.04.2024 13:00:00,"19,56","11,55","17,34","1493,51"
326,14.04.2024 15:00:00,"18,25","10,78","15,81","1488,59"
327,14.04.2024 17:00:00,"17,56","10,55","15,27","1486,14"
328,14.04.2024 19:00:00,"16,23","10,52","14,78","1481,79"
329,14.04.2024 21:00:00,"14,89","10,19","13,90","1476,87"
330,14.04.2024 23:00:00,"13,89","10,15","13,53","1473,39"
331,15.04.2024 01:00:00,"12,80","8,10","10,69","1467,00"
332,15.04.2024 03:00:00,"12,00","7,12","9,31","1462,92"
333,15.04.2024 05:00:00,"11,56","7,13","9,22","1461,26"
334,15.04.2024 07:00:00,"11,10","7,17","9,16","1459,60"
335,15.04.2024 09:00:00,"12,00","7,22","9,43","1463,04"
336,15.04.2024 11:00:00,"17,47","7,70","11,39","1482,54"
337,15.04.2024 13:00:00,"19,62","7,64","11,85","1489,23"
338,15.04.2024 15:00:00,"19,56","7,27","11,31","1488,63"
339,15.04.2024 17:00:00,"18,72","7,09","10,86","1485,85"
340,15.04.2024 19:00:00,"17,26","7,12","10,55","1481,19"
341,15.04.2024 21:00:00,"15,90","7,14","10,24","1476,69"
342,15.04.2024 23:00:00,"14,58","6,29","8,82","1471,16"
343,16.04.2024 01:00:00,"13,83","6,19","8,55","1468,43"
344,16.04.2024 03:00:00,"13,08","6,10","8,28","1465,62"
345,16.04.2024 05:00:00,"12,39","6,11","8,15","1463,10"
346,16.04.2024 07:00:00,"11,81","6,11","8,03","1460,96"
347,16.04.2024 09:00:00,"12,51","6,14","8,21","1463,60"
348,16.04.2024 11:00:00,"17,59","6,53","9,80","1481,58"
349,16.04.2024 13:00:00,"19,23","6,47","10,08","1486,72"
350,16.04.2024 15:00:00,"19,02","6,15","9,57","1485,70"
351,16.04.2024 17:00:00,"18,28","6,00","9,21","1483,18"
352,16.04.2024 19:00:00,"17,29","6,00","8,99","1479,98"
353,16.04.2024 21:00:00,"16,02","5,96","8,68","1475,72"
354,16.04.2024 23:00:00,"14,92","5,99","8,50","1471,98"
355,17.04.2024 01:00:00,"13,89","6,00","8,31","1468,42"
356,17.04.2024 03:00:00,"12,89","6,01","8,13","1464,83"
357,17.04.2024 05:00:00,"12,20","6,00","7,97","1462,25"
358,17.04.2024 07:00:00,"11,52","6,00","7,85","1459,76"
359,17.04.2024 09:00:00,"12,26","6,01","8,00","1462,51"
360,17.04.2024 11:00:00,"17,95","6,50","9,83","1482,70"
361,17.04.2024 13:00:00,"20,35","6,43","10,27","1490,11"
362,17.04.2024 15:00:00,"19,56","5,95","9,40","1487,13"
363,17.04.2024 17:00:00,"18,78","5,79","9,00","1484,54"
364,17.04.2024 19:00:00,"17,38","5,83","8,78","1480,08"
365,17.04.2024 21:00:00,"15,68","5,85","8,47","1474,46"
366,17.04.2024 23:00:00,"14,76","5,58","7,93","1470,97"
367,18.04.2024 01:00:00,"13,93","5,51","7,69","1467,94"
368,18.04.2024 03:00:00,"13,14","5,48","7,50","1465,10"
369,18.04.2024 05:00:00,"12,42","5,49","7,38","1462,45"
370,18.04.2024 07:00:00,"11,88","5,49","7,28","1460,45"
371,18.04.2024 09:00:00,"12,54","5,49","7,41","1462,93"
372,18.04.2024 11:00:00,"18,31","5,98","9,18","1483,25"
373,18.04.2024 13:00:00,"20,56","6,02","9,70","1490,27"
374,18.04.2024 15:00:00,"20,18","5,45","8,77","1488,46"
375,18.04.2024 17:00:00,"19,29","5,27","8,35","1485,53"
376,18.04.2024 19:00:00,"17,92","5,30","8,13","1481,21"
377,18.04.2024 21:00:00,"16,35","5,28","7,82","1476,05"
378,18.04.2024 23:00:00,"15,04","5,25","7,54","1471,54"
379,19.04.2024 01:00:00,"13,93","5,21","7,30","1467,59"
380,19.04.2024 03:00:00,"12,96","5,20","7,11","1464,08"
381,19.04.2024 05:00:00,"12,23","5,16","6,93","1461,35"
382,19.04.2024 07:00:00,"11,68","5,18","6,87","1459,35"
383,19.04.2024 09:00:00,"12,29","5,20","6,99","1461,63"
384,19.04.2024 11:00:00,"18,07","5,68","8,70","1482,13"
385,19.04.2024 13:00:00,"20,44","5,75","9,28","1489,61"
386,19.04.2024 15:00:00,"19,94","5,24","8,41","1487,50"
387,19.04.2024 17:00:00,"18,75","4,97","7,80","1483,51"
388,19.04.2024 19:00:00,"17,17","4,95","7,50","1478,36"
389,19.04.2024 21:00:00,"15,62","4,96","7,25","1473,19"
390,19.04.2024 23:00:00,"14,36","4,89","6,94","1468,74"
391,20.04.2024 01:00:00,"13,43","4,84","6,73","1465,35"
392,20.04.2024 03:00:00,"12,80","4,78","6,55","1462,99"
393,20.04.2024 05:00:00,"12,23","4,71","6,36","1460,80"
394,20.04.2024 07:00:00,"11,91","4,72","6,33","1459,63"
395,20.04.2024 09:00:00,"11,72","4,75","6,33","1458,94"
396,20.04.2024 11:00:00,"11,75","4,77","6,36","1459,09"
397,20.04.2024 13:00:00,"11,81","4,81","6,42","1459,38"
398,20.04.2024 15:00:00,"11,88","4,82","6,45","1459,63"
399,20.04.2024 17:00:00,"11,94","4,79","6,42","1459,83"
400,20.04.2024 19:00:00,"11,59","4,74","6,30","1458,45"
401,20.04.2024 21:00:00,"11,23","4,71","6,21","1457,07"
402,20.04.2024 23:00:00,"10,81","4,54","5,94","1455,26"
403,21.04.2024 01:00:00,"10,42","4,37","5,67","1453,54"
404,21.04.2024 03:00:00,"10,16","4,32","5,58","1452,46"
405,21.04.2024 05:00:00,"9,80","4,32","5,52","1451,04"
406,21.04.2024 07:00:00,"9,53","4,30","5,46","1449,97"
407,21.04.2024 09:00:00,"10,16","4,30","5,55","1452,43"
408,21.04.2024 11:00:00,"16,11","4,68","6,95","1474,53"
409,21.04.2024 13:00:00,"18,84","4,53","7,18","1483,29"
410,21.04.2024 15:00:00,"18,49","4,43","6,96","1482,03"
411,21.04.2024 17:00:00,"17,59","4,36","6,72","1479,06"
412,21.04.2024 19:00:00,"15,74","4,25","6,29","1472,77"
413,21.04.2024 21:00:00,"14,08","4,20","5,99","1466,93"
414,21.04.2024 23:00:00,"12,80","4,18","5,77","1462,27"
415,22.04.2024 01:00:00,"11,78","4,15","5,59","1458,45"
416,22.04.2024 03:00:00,"11,01","4,13","5,47","1455,51"
417,22.04.2024 05:00:00,"10,42","4,12","5,37","1453,24"
418,22.04.2024 07:00:00,"10,03","4,12","5,31","1451,70"
419,22.04.2024 09:00:00,"10,72","4,14","5,43","1454,39"
420,22.04.2024 11:00:00,"16,66","4,54","6,84","1476,19"
421,22.04.2024 13:00:00,"18,90","4,39","6,97","1483,30"
422,22.04.2024 15:00:00,"19,20","4,34","6,94","1484,18"
423,22.04.2024 17:00:00,"18,16","3,81","6,01","1480,27"
424,22.04.2024 19:00:00,"16,72","3,86","5,88","1475,59"
425,22.04.2024 21:00:00,"14,98","3,89","5,69","1469,71"
426,22.04.2024 23:00:00,"13,46","3,91","5,51","1464,34"
427,23.04.2024 01:00:00,"12,20","3,89","5,32","1459,70"
428,23.04.2024 03:00:00,"11,07","3,84","5,11","1455,39"
429,23.04.2024 05:00:00,"10,36","3,82","4,99","1452,60"
430,23.04.2024 07:00:00,"9,93","3,81","4,93","1450,93"
431,23.04.2024 09:00:00,"10,62","3,81","5,02","1453,61"
432,23.04.2024 11:00:00,"16,20","4,05","6,09","1474,10"
433,23.04.2024 13:00:00,"18,58","3,93","6,25","1481,75"
434,23.04.2024 15:00:00,"18,61","3,79","6,04","1481,68"
435,23.04.2024 17:00:00,"17,71","3,71","5,80","1478,69"
436,23.04.2024 19:00:00,"15,96","3,72","5,58","1472,87"
437,23.04.2024 21:00:00,"13,80","3,60","5,15","1465,22"
438,23.04.2024 23:00:00,"12,32","3,56","4,91","1459,76"
439,24.04.2024 01:00:00,"11,30","3,51","4,73","1455,85"
440,24.04.2024 03:00:00,"10,52","3,46","4,57","1452,80"
441,24.04.2024 05:00:00,"10,06","3,43","4,48","1450,98"
442,24.04.2024 07:00:00,"9,96","3,42","4,45","1450,57"
443,24.04.2024 09:00:00,"10,36","3,43","4,51","1452,13"
444,24.04.2024 11:00:00,"11,39","3,41","4,61","1456,10"
445,24.04.2024 13:00:00,"12,58","3,42","4,76","1460,54"
446,24.04.2024 15:00:00,"12,35","3,33","4,61","1459,60"
447,24.04.2024 17:00:00,"12,16","3,30","4,55","1458,85"
448,24.04.2024 19:00:00,"11,59","3,25","4,43","1456,64"
449,24.04.2024 21:00:00,"10,91","3,19","4,28","1453,98"
450,24.04.2024 23:00:00,"9,99","3,20","4,19","1450,43"
451,25.04.2024 01:00:00,"9,07","3,18","4,06","1446,71"
452,25.04.2024 03:00:00,"8,46","3,18","4,00","1444,27"
453,25.04.2024 05:00:00,"7,95","3,17","3,94","1442,17"
454,25.04.2024 07:00:00,"7,57","3,15","3,88","1440,59"
455,25.04.2024 09:00:00,"8,36","3,16","3,97","1443,83"
456,25.04.2024 11:00:00,"13,93","3,35","4,83","1465,36"
457,25.04.2024 13:00:00,"16,14","3,22","4,90","1472,91"
458,25.04.2024 15:00:00,"16,75","3,09","4,78","1474,80"
459,25.04.2024 17:00:00,"16,53","2,96","4,57","1473,94"
460,25.04.2024 19:00:00,"15,38","2,92","4,39","1469,94"
461,25.04.2024 21:00:00,"13,65","2,89","4,17","1463,80"
462,25.04.2024 23:00:00,"12,10","2,89","4,02","1458,12"
463,26.04.2024 01:00:00,"10,94","2,89","3,89","1453,73"
464,26.04.2024 03:00:00,"10,03","2,86","3,77","1450,14"
465,26.04.2024 05:00:00,"9,37","2,84","3,68","1447,49"
466,26.04.2024 07:00:00,"9,00","2,82","3,62","1445,99"
467,26.04.2024 09:00:00,"9,90","2,82","3,71","1449,57"
468,26.04.2024 11:00:00,"15,35","3,00","4,51","1469,94"
469,26.04.2024 13:00:00,"17,95","2,90","4,63","1478,54"
470,26.04.2024 15:00:00,"18,40","2,76","4,46","1479,82"
471,26.04.2024 17:00:00,"17,83","2,52","4,04","1477,71"
472,26.04.2024 19:00:00,"16,08","2,44","3,77","1471,79"
473,26.04.2024 21:00:00,"14,30","2,42","3,58","1465,57"
474,26.04.2024 23:00:00,"12,54","2,41","3,43","1459,20"
475,27.04.2024 01:00:00,"11,30","2,42","3,33","1454,52"
476,27.04.2024 03:00:00,"10,45","2,41","3,24","1451,25"
477,27.04.2024 05:00:00,"9,90","2,42","3,21","1449,07"
478,27.04.2024 07:00:00,"9,53","2,39","3,15","1447,60"
479,27.04.2024 09:00:00,"10,49","2,40","3,24","1451,37"
480,27.04.2024 11:00:00,"15,77","2,52","3,85","1470,84"
481,27.04.2024 13:00:00,"18,49","2,42","3,95","1479,72"
482,27.04.2024 15:00:00,"19,26","2,30","3,84","1482,04"
483,27.04.2024 17:00:00,"18,72","2,21","3,66","1480,25"
484,27.04.2024 19:00:00,"17,14","2,26","3,59","1475,13"
485,27.04.2024 21:00:00,"15,19","2,26","3,44","1468,53"
486,27.04.2024 23:00:00,"13,77","2,21","3,25","1463,44"
487,28.04.2024 01:00:00,"12,61","2,17","3,10","1459,14"
488,28.04.2024 03:00:00,"11,84","2,14","3,01","1456,25"
489,28.04.2024 05:00:00,"11,30","2,13","2,95","1454,16"
490,28.04.2024 07:00:00,"11,17","2,11","2,92","1453,65"
491,28.04.2024 09:00:00,"11,65","2,11","2,95","1455,48"
492,28.04.2024 11:00:00,"15,96","2,20","3,41","1471,09"
493,28.04.2024 13:00:00,"16,29","2,14","3,35","1472,16"
494,28.04.2024 15:00:00,"16,75","2,12","3,35","1473,67"
495,28.04.2024 17:00:00,"16,17","1,59","2,52","1471,10"
496,28.04.2024 19:00:00,"14,30","1,50","2,28","1464,47"
497,28.04.2024 21:00:00,"12,89","1,43","2,10","1459,29"
498,28.04.2024 23:00:00,"12,16","1,43","2,07","1456,58"
499,29.04.2024 01:00:00,"11,84","1,31","1,89","1455,24"
500,29.04.2024 03:00:00,"11,49","1,28","1,83","1453,86"
501,29.04.2024 05:00:00,"10,88","1,26","1,77","1451,47"
502,29.04.2024 07:00:00,"10,62","1,24","1,74","1450,45"
503,29.04.2024 09:00:00,"11,59","1,28","1,83","1454,22"
504,29.04.2024 11:00:00,"17,38","1,62","2,64","1475,19"
505,29.04.2024 13:00:00,"20,94","1,51","2,68","1486,34"
506,29.04.2024 15:00:00,"22,41","1,30","2,39","1490,45"
507,29.04.2024 17:00:00,"22,23","1,18","2,18","1489,81"
508,29.04.2024 19:00:00,"20,35","1,11","1,97","1484,09"
509,29.04.2024 21:00:00,"17,68","1,14","1,90","1475,62"
510,29.04.2024 23:00:00,"15,71","0,76","1,24","1468,56"
511,30.04.2024 01:00:00,"14,24","0,71","1,12","1463,31"
512,30.04.2024 03:00:00,"12,99","0,71","1,09","1458,78"
513,30.04.2024 05:00:00,"12,16","0,71","1,06","1455,71"
514,30.04.2024 07:00:00,"12,26","0,79","1,18","1456,17"
515,30.04.2024 09:00:00,"13,46","0,89","1,37","1460,72"
516,30.04.2024 11:00:00,"19,11","1,19","2,06","1480,31"
517,30.04.2024 13:00:00,"21,09","1,04","1,88","1486,25"
518,30.04.2024 15:00:00,"20,15","0,92","1,64","1483,24"
519,30.04.2024 17:00:00,"18,25","0,65","1,12","1476,91"
520,30.04.2024 19:00:00,"15,71","0,59","0,97","1468,36"
521,30.04.2024 21:00:00,"14,17","0,56","0,88","1462,90"
522,30.04.2024 23:00:00,"13,40","0,51","0,79","1460,03"
523,01.05.2024 01:00:00,"12,83","0,51","0,79","1457,96"
524,01.05.2024 03:00:00,"12,73","0,60","0,91","1457,70"
525,01.05.2024 05:00:00,"12,54","0,62","0,94","1457,03"
526,01.05.2024 07:00:00,"12,32","0,66","1,00","1456,25"
527,01.05.2024 09:00:00,"12,83","0,70","1,06","1458,18"
528,01.05.2024 11:00:00,"14,52","0,81","1,28","1464,43"
529,01.05.2024 13:00:00,"16,90","0,86","1,43","1472,70"
530,01.05.2024 15:00:00,"18,64","0,77","1,35","1478,31"
531,01.05.2024 17:00:00,"18,55","0,62","1,09","1477,85"
532,01.05.2024 19:00:00,"16,81","0,41","0,70","1471,87"
533,01.05.2024 21:00:00,"14,24","0,42","0,67","1462,96"
534,01.05.2024 23:00:00,"12,86","0,41","0,64","1457,95"
535,02.05.2024 01:00:00,"12,13","0,40","0,62","1455,22"
536,02.05.2024 03:00:00,"11,49","0,39","0,59","1452,77"
537,02.05.2024 05:00:00,"10,91","0,39","0,59","1450,54"
538,02.05.2024 07:00:00,"11,17","0,39","0,59","1451,54"
539,02.05.2024 09:00:00,"11,81","0,43","0,64","1454,04"
540,02.05.2024 11:00:00,"11,94","0,42","0,64","1454,52"
541,02.05.2024 13:00:00,"13,89","0,70","1,09","1462,07"
542,02.05.2024 15:00:00,"13,83","0,72","1,12","1461,87"
543,02.05.2024 17:00:00,"13,14","0,75","1,15","1459,40"
544,02.05.2024 19:00:00,"12,51","0,74","1,12","1457,06"
545,02.05.2024 21:00:00,"11,94","0,82","1,21","1455,00"
546,02.05.2024 23:00:00,"11,62","0,87","1,27","1453,85"
547,03.05.2024 01:00:00,"11,46","0,83","1,21","1453,19"
548,03.05.2024 03:00:00,"11,17","0,84","1,21","1452,08"
549,03.05.2024 05:00:00,"10,29","0,79","1,12","1448,61"
550,03.05.2024 07:00:00,"9,86","0,75","1,06","1446,88"
551,03.05.2024 09:00:00,"11,07","0,77","1,12","1451,63"
552,03.05.2024 11:00:00,"16,38","0,93","1,52","1471,05"
553,03.05.2024 13:00:00,"20,30","0,85","1,53","1483,61"
554,03.05.2024 15:00:00,"21,21","0,80","1,47","1486,34"
555,03.05.2024 17:00:00,"20,77","0,76","1,38","1484,95"
556,03.05.2024 19:00:00,"18,84","0,75","1,32","1478,95"
557,03.05.2024 21:00:00,"16,44","0,66","1,09","1470,93"
558,03.05.2024 23:00:00,"14,67","0,49","0,79","1464,59"
559,04.05.2024 01:00:00,"13,68","0,48","0,76","1461,02"
560,04.05.2024 03:00:00,"12,99","0,45","0,70","1458,46"
561,04.05.2024 05:00:00,"12,45","0,42","0,64","1456,43"
562,04.05.2024 07:00:00,"12,16","0,42","0,64","1455,36"
563,04.05.2024 09:00:00,"13,71","0,54","0,85","1461,21"
564,04.05.2024 11:00:00,"16,87","0,67","1,12","1472,37"
565,04.05.2024 13:00:00,"20,30","0,75","1,35","1483,50"
566,04.05.2024 15:00:00,"21,79","0,71","1,32","1487,99"
567,04.05.2024 17:00:00,"21,30","0,42","0,79","1486,18"
568,04.05.2024 19:00:00,"19,05","0,44","0,79","1479,26"
569,04.05.2024 21:00:00,"16,84","0,43","0,73","1472,00"
570,04.05.2024 23:00:00,"15,56","0,42","0,70","1467,63"
571,05.05.2024 01:00:00,"14,79","0,41","0,67","1464,94"
572,05.05.2024 03:00:00,"14,27","0,40","0,64","1463,05"
573,05.05.2024 05:00:00,"13,46","0,39","0,62","1460,11"
574,05.05.2024 07:00:00,"13,02","0,39","0,62","1458,51"
575,05.05.2024 09:00:00,"13,74","0,39","0,62","1461,13"
576,05.05.2024 11:00:00,"17,50","0,37","0,64","1474,14"
577,05.05.2024 13:00:00,"18,84","0,36","0,64","1478,50"
578,05.05.2024 15:00:00,"17,71","0,37","0,64","1474,83"
579,05.05.2024 17:00:00,"15,50","0,37","0,62","1467,36"
580,05.05.2024 19:00:00,"13,61","0,35","0,56","1460,63"
581,05.05.2024 21:00:00,"12,32","0,36","0,56","1455,88"
582,05.05.2024 23:00:00,"11,59","0,35","0,53","1453,09"
583,06.05.2024 01:00:00,"11,10","0,29","0,44","1451,16"
584,06.05.2024 03:00:00,"11,23","0,39","0,59","1451,79"
585,06.05.2024 05:00:00,"11,23","0,43","0,64","1451,84"
586,06.05.2024 07:00:00,"11,04","0,46","0,67","1451,12"
587,06.05.2024 09:00:00,"12,16","0,54","0,82","1455,51"
588,06.05.2024 11:00:00,"13,52","0,60","0,94","1460,60"
589,06.05.2024 13:00:00,"15,04","0,64","1,03","1466,07"
590,06.05.2024 15:00:00,"15,38","0,65","1,06","1467,27"
591,06.05.2024 17:00:00,"15,35","0,67","1,09","1467,18"
592,06.05.2024 19:00:00,"14,42","0,57","0,91","1463,81"
593,06.05.2024 21:00:00,"12,80","0,44","0,67","1457,74"
594,06.05.2024 23:00:00,"11,97","0,40","0,62","1454,62"
595,07.05.2024 01:00:00,"11,46","0,43","0,64","1452,70"
596,07.05.2024 03:00:00,"11,07","0,46","0,67","1451,24"
597,07.05.2024 05:00:00,"10,75","0,42","0,62","1449,94"
598,07.05.2024 07:00:00,"10,62","0,42","0,62","1449,43"
599,07.05.2024 09:00:00,"11,62","0,43","0,64","1453,31"
600,07.05.2024 11:00:00,"17,17","0,52","0,88","1473,21"
601,07.05.2024 13:00:00,"20,88","0,41","0,76","1484,92"
602,07.05.2024 15:00:00,"22,35","0,36","0,70","1489,25"
603,07.05.2024 17:00:00,"22,12","0,35","0,67","1488,54"
604,07.05.2024 19:00:00,"18,84","0,34","0,62","1478,48"
605,07.05.2024 21:00:00,"16,78","0,36","0,62","1471,71"
606,07.05.2024 23:00:00,"15,16","0,35","0,59","1466,16"
607,08.05.2024 01:00:00,"13,99","0,35","0,56","1461,98"
608,08.05.2024 03:00:00,"13,24","0,35","0,56","1459,27"
609,08.05.2024 05:00:00,"12,64","0,34","0,53","1457,04"
610,08.05.2024 07:00:00,"12,26","0,34","0,53","1455,62"
611,08.05.2024 09:00:00,"13,36","0,35","0,56","1459,72"
612,08.05.2024 11:00:00,"16,50","0,33","0,56","1470,75"
613,08.05.2024 13:00:00,"15,90","0,33","0,56","1468,68"
614,08.05.2024 15:00:00,"12,32","0,02","0,02","1455,46"
615,08.05.2024 17:00:00,"9,90","0,01","0,00","1446,09"
616,08.05.2024 19:00:00,"11,14","0,01","0,00","1450,94"
617,08.05.2024 21:00:00,"12,29","0,02","0,02","1455,35"
618,08.05.2024 23:00:00,"12,99","0,01","0,00","1457,92"
619,09.05.2024 01:00:00,"13,43","0,01","0,00","1459,54"
620,09.05.2024 03:00:00,"13,74","0,01","0,00","1460,68"
621,09.05.2024 05:00:00,"13,93","0,01","0,00","1461,35"
622,09.05.2024 07:00:00,"14,11","0,01","0,00","1462,03"
623,09.05.2024 09:00:00,"14,24","0,01","0,00","1462,47"
624,09.05.2024 11:00:00,"14,30","0,01","0,00","1462,69"
625,09.05.2024 13:00:00,"14,33","0,01","0,00","1462,81"
626,09.05.2024 15:00:00,"14,36","0,01","0,00","1462,92"
627,09.05.2024 17:00:00,"14,42","0,01","0,00","1463,14"
628,09.05.2024 19:00:00,"14,76","0,01","0,00","1464,34"
629,09.05.2024 21:00:00,"14,89","0,01","0,00","1464,78"
630,09.05.2024 23:00:00,"14,98","0,01","0,00","1465,11"
631,10.05.2024 01:00:00,"14,95","0,01","0,00","1465,00"
632,10.05.2024 03:00:00,"14,92","0,02","0,02","1464,90"
633,10.05.2024 05:00:00,"14,92","0,01","0,00","1464,89"
634,10.05.2024 07:00:00,"15,01","0,02","0,02","1465,22"
635,10.05.2024 09:00:00,"15,07","0,02","0,02","1465,44"
636,10.05.2024 11:00:00,"15,04","0,01","0,00","1465,32"
637,10.05.2024 13:00:00,"15,01","0,01","0,00","1465,21"
638,10.05.2024 15:00:00,"14,98","0,01","0,00","1465,11"
639,10.05.2024 17:00:00,"15,01","0,02","0,02","1465,22"
640,10.05.2024 19:00:00,"14,98","0,02","0,02","1465,12"
641,10.05.2024 21:00:00,"14,98","0,02","0,02","1465,12"
642,10.05.2024 23:00:00,"14,98","0,02","0,02","1465,12"
643,11.05.2024 01:00:00,"15,07","0,01","0,00","1465,43"
644,11.05.2024 03:00:00,"15,13","0,02","0,02","1465,66"
645,11.05.2024 05:00:00,"15,13","0,02","0,02","1465,66"
646,11.05.2024 07:00:00,"15,16","0,02","0,02","1465,76"
647,11.05.2024 09:00:00,"15,16","0,02","0,02","1465,76"
648,11.05.2024 11:00:00,"15,13","0,02","0,02","1465,66"
649,11.05.2024 13:00:00,"15,13","0,01","0,00","1465,65"
650,11.05.2024 15:00:00,"15,19","0,01","0,00","1465,86"
651,11.05.2024 17:00:00,"15,28","0,02","0,02","1466,19"
652,11.05.2024 19:00:00,"15,28","0,02","0,02","1466,19"
653,11.05.2024 21:00:00,"15,13","0,02","0,02","1465,66"
654,11.05.2024 23:00:00,"15,04","0,02","0,02","1465,33"
655,12.05.2024 01:00:00,"15,04","0,02","0,02","1465,33"
656,12.05.2024 03:00:00,"15,13","0,02","0,02","1465,66"
657,12.05.2024 05:00:00,"15,19","0,02","0,02","1465,87"
658,12.05.2024 07:00:00,"15,22","0,02","0,02","1465,98"
659,12.05.2024 09:00:00,"15,22","0,02","0,02","1465,98"
660,12.05.2024 11:00:00,"15,22","0,02","0,02","1465,98"
661,12.05.2024 13:00:00,"15,32","0,02","0,02","1466,30"
662,12.05.2024 15:00:00,"15,38","0,02","0,02","1466,51"
663,12.05.2024 17:00:00,"15,38","0,02","0,02","1466,51"
664,12.05.2024 19:00:00,"15,38","0,02","0,02","1466,51"
665,12.05.2024 21:00:00,"15,32","0,02","0,02","1466,30"
666,12.05.2024 23:00:00,"15,32","0,02","0,02","1466,30"
667,13.05.2024 01:00:00,"15,28","0,02","0,02","1466,19"
668,13.05.2024 03:00:00,"15,22","0,02","0,02","1465,98"
669,13.05.2024 05:00:00,"15,19","0,02","0,02","1465,87"
670,13.05.2024 07:00:00,"15,16","0,02","0,02","1465,76"
671,13.05.2024 09:00:00,"15,16","0,02","0,02","1465,76"
672,13.05.2024 11:00:00,"15,16","0,02","0,02","1465,76"
673,13.05.2024 13:00:00,"15,16","0,02","0,02","1465,76"
674,13.05.2024 15:00:00,"15,22","0,02","0,02","1465,98"
675,13.05.2024 17:00:00,"15,35","0,01","0,00","1466,40"
676,13.05.2024 19:00:00,"15,35","0,02","0,02","1466,41"
677,13.05.2024 21:00:00,"15,35","0,02","0,02","1466,41"
678,13.05.2024 23:00:00,"15,38","0,02","0,02","1466,51"
679,14.05.2024 01:00:00,"15,35","0,02","0,02","1466,41"
680,14.05.2024 03:00:00,"15,32","0,02","0,02","1466,30"
681,14.05.2024 05:00:00,"15,28","0,02","0,02","1466,19"
682,14.05.2024 07:00:00,"15,25","0,02","0,02","1466,09"
683,14.05.2024 09:00:00,"15,28","0,02","0,02","1466,19"
684,14.05.2024 11:00:00,"15,28","0,02","0,02","1466,19"
685,14.05.2024 13:00:00,"15,28","0,02","0,02","1466,19"
686,14.05.2024 15:00:00,"15,38","0,02","0,02","1466,51"
687,14.05.2024 17:00:00,"15,53","0,02","0,02","1467,05"
688,14.05.2024 19:00:00,"15,62","0,02","0,02","1467,37"
689,14.05.2024 21:00:00,"15,65","0,02","0,02","1467,47"
690,14.05.2024 23:00:00,"15,65","0,02","0,02","1467,47"
691,15.05.2024 01:00:00,"15,68","0,02","0,02","1467,58"
692,15.05.2024 03:00:00,"15,65","0,02","0,02","1467,47"
693,15.05.2024 05:00:00,"15,62","0,02","0,02","1467,37"
694,15.05.2024 07:00:00,"15,59","0,02","0,02","1467,26"
695,15.05.2024 09:00:00,"15,62","0,02","0,02","1467,37"
696,15.05.2024 11:00:00,"15,62","0,02","0,02","1467,37"
697,15.05.2024 13:00:00,"15,65","0,02","0,02","1467,47"
698,15.05.2024 15:00:00,"15,65","0,02","0,02","1467,47"
699,15.05.2024 17:00:00,"15,68","0,02","0,02","1467,58"
700,15.05.2024 19:00:00,"15,71","0,02","0,02","1467,68"
701,15.05.2024 21:00:00,"15,74","0,02","0,02","1467,79"
702,15.05.2024 23:00:00,"15,77","0,02","0,02","1467,89"
703,16.05.2024 01:00:00,"15,77","0,02","0,02","1467,89"
704,16.05.2024 03:00:00,"15,80","0,02","0,02","1468,00"
705,16.05.2024 05:00:00,"15,80","0,02","0,02","1468,00"
706,16.05.2024 07:00:00,"15,80","0,02","0,02","1468,00"
707,16.05.2024 09:00:00,"15,77","0,02","0,02","1467,89"
708,16.05.2024 11:00:00,"15,80","0,02","0,02","1468,00"
709,16.05.2024 13:00:00,"15,80","0,02","0,02","1468,00"
710,16.05.2024 15:00:00,"15,84","0,02","0,02","1468,10"
711,16.05.2024 17:00:00,"15,84","0,02","0,02","1468,10"
712,16.05.2024 19:00:00,"15,87","0,02","0,02","1468,21"
713,16.05.2024 21:00:00,"15,90","0,02","0,02","1468,31"
714,16.05.2024 23:00:00,"15,96","0,02","0,02","1468,52"
715,17.05.2024 01:00:00,"15,96","0,02","0,02","1468,52"
716,17.05.2024 03:00:00,"15,96","0,02","0,02","1468,52"
717,17.05.2024 05:00:00,"15,99","0,02","0,02","1468,63"
718,17.05.2024 07:00:00,"15,99","0,02","0,02","1468,63"
719,17.05.2024 09:00:00,"15,96","0,02","0,02","1468,52"
720,17.05.2024 11:00:00,"15,93","0,02","0,02","1468,42"
721,17.05.2024 13:00:00,"15,96","0,02","0,02","1468,52"
722,17.05.2024 15:00:00,"15,99","0,02","0,02","1468,63"
723,17.05.2024 17:00:00,"16,02","0,02","0,02","1468,73"
724,17.05.2024 19:00:00,"16,02","0,02","0,02","1468,73"
725,17.05.2024 21:00:00,"16,08","0,02","0,02","1468,94"
726,17.05.2024 23:00:00,"16,11","0,02","0,02","1469,05"
727,18.05.2024 01:00:00,"16,14","0,02","0,02","1469,15"
728,18.05.2024 03:00:00,"16,17","0,02","0,02","1469,25"
729,18.05.2024 05:00:00,"16,17","0,02","0,02","1469,25"
730,18.05.2024 07:00:00,"16,20","0,02","0,02","1469,36"
731,18.05.2024 09:00:00,"16,20","0,02","0,02","1469,36"
732,18.05.2024 11:00:00,"16,17","0,02","0,02","1469,25"
733,18.05.2024 13:00:00,"16,17","0,02","0,02","1469,25"
734,18.05.2024 15:00:00,"16,23","0,02","0,02","1469,46"
735,18.05.2024 17:00:00,"16,26","0,02","0,02","1469,56"
736,18.05.2024 19:00:00,"16,26","0,02","0,02","1469,56"
737,18.05.2024 21:00:00,"16,26","0,02","0,02","1469,56"
738,18.05.2024 23:00:00,"16,26","0,02","0,02","1469,56"
739,19.05.2024 01:00:00,"16,29","0,02","0,02","1469,67"
740,19.05.2024 03:00:00,"16,32","0,02","0,02","1469,77"
741,19.05.2024 05:00:00,"16,29","0,02","0,02","1469,67"
742,19.05.2024 07:00:00,"16,29","0,02","0,02","1469,67"
743,19.05.2024 09:00:00,"16,29","0,02","0,02","1469,67"
744,19.05.2024 11:00:00,"16,26","0,02","0,02","1469,56"
745,19.05.2024 13:00:00,"16,23","0,02","0,02","1469,46"
746,19.05.2024 15:00:00,"16,23","0,02","0,02","1469,46"
747,19.05.2024 17:00:00,"16,26","0,02","0,02","1469,56"
748,19.05.2024 19:00:00,"16,26","0,02","0,02","1469,56"
749,19.05.2024 21:00:00,"16,26","0,02","0,02","1469,56"
750,19.05.2024 23:00:00,"16,23","0,02","0,02","1469,46"
751,20.05.2024 01:00:00,"16,20","0,02","0,02","1469,36"
752,20.05.2024 03:00:00,"16,23","0,02","0,02","1469,46"
753,20.05.2024 05:00:00,"16,20","0,02","0,02","1469,36"
754,20.05.2024 07:00:00,"16,17","0,02","0,02","1469,25"
755,20.05.2024 09:00:00,"16,14","0,02","0,02","1469,15"
756,20.05.2024 11:00:00,"16,14","0,02","0,02","1469,15"
757,20.05.2024 13:00:00,"16,11","0,02","0,02","1469,05"
758,20.05.2024 15:00:00,"16,14","0,02","0,02","1469,15"
759,20.05.2024 17:00:00,"16,14","0,02","0,02","1469,15"
760,20.05.2024 19:00:00,"16,17","0,02","0,02","1469,25"
761,20.05.2024 21:00:00,"16,20","0,02","0,02","1469,36"
762,20.05.2024 23:00:00,"16,20","0,02","0,02","1469,36"
763,21.05.2024 01:00:00,"16,17","0,02","0,02","1469,25"
764,21.05.2024 03:00:00,"16,17","0,02","0,02","1469,25"
765,21.05.2024 05:00:00,"16,20","0,02","0,02","1469,36"
766,21.05.2024 07:00:00,"16,20","0,02","0,02","1469,36"
767,21.05.2024 09:00:00,"16,17","0,02","0,02","1469,25"
768,21.05.2024 11:00:00,"16,17","0,02","0,02","1469,25"
769,21.05.2024 13:00:00,"16,20","0,02","0,02","1469,36"
770,21.05.2024 15:00:00,"16,20","0,02","0,02","1469,36"
771,21.05.2024 17:00:00,"16,20","0,02","0,02","1469,36"
772,21.05.2024 19:00:00,"16,23","0,02","0,02","1469,46"
773,21.05.2024 21:00:00,"16,26","0,02","0,02","1469,56"
774,21.05.2024 23:00:00,"16,29","0,02","0,02","1469,67"
775,22.05.2024 01:00:00,"16,29","0,02","0,02","1469,67"
776,22.05.2024 03:00:00,"16,26","0,02","0,02","1469,56"
777,22.05.2024 05:00:00,"16,32","0,02","0,02","1469,77"
778,22.05.2024 07:00:00,"16,35","0,02","0,02","1469,88"
779,22.05.2024 09:00:00,"16,35","0,02","0,02","1469,88"
780,22.05.2024 11:00:00,"16,32","0,02","0,02","1469,77"
781,22.05.2024 13:00:00,"16,32","0,02","0,02","1469,77"
782,22.05.2024 15:00:00,"16,38","0,02","0,02","1469,98"
783,22.05.2024 17:00:00,"16,38","0,02","0,02","1469,98"
784,22.05.2024 19:00:00,"16,44","0,02","0,02","1470,18"
785,22.05.2024 21:00:00,"16,44","0,02","0,02","1470,18"
786,22.05.2024 23:00:00,"16,47","0,02","0,02","1470,29"
787,23.05.2024 01:00:00,"16,50","0,02","0,02","1470,39"
788,23.05.2024 03:00:00,"16,50","0,02","0,02","1470,39"
789,23.05.2024 05:00:00,"16,50","0,02","0,02","1470,39"
790,23.05.2024 07:00:00,"16,56","0,02","0,02","1470,60"
791,23.05.2024 09:00:00,"16,62","0,02","0,02","1470,80"
792,23.05.2024 11:00:00,"16,66","0,02","0,02","1470,90"
793,23.05.2024 13:00:00,"16,66","0,02","0,02","1470,90"
794,23.05.2024 15:00:00,"16,69","0,02","0,02","1471,01"
795,23.05.2024 17:00:00,"16,75","0,02","0,02","1471,21"
796,23.05.2024 19:00:00,"16,78","0,02","0,02","1471,31"
797,23.05.2024 21:00:00,"16,78","0,02","0,02","1471,31"
798,23.05.2024 23:00:00,"16,78","0,02","0,02","1471,31"
799,24.05.2024 01:00:00,"16,84","0,02","0,02","1471,51"
800,24.05.2024 03:00:00,"16,90","0,02","0,02","1471,72"
801,24.05.2024 05:00:00,"16,90","0,02","0,02","1471,72"
802,24.05.2024 07:00:00,"16,90","0,02","0,02","1471,72"
803,24.05.2024 09:00:00,"16,96","0,02","0,02","1471,92"
804,24.05.2024 11:00:00,"16,99","0,02","0,02","1472,02"
805,24.05.2024 13:00:00,"17,02","0,02","0,02","1472,12"
806,24.05.2024 15:00:00,"17,05","0,02","0,02","1472,22"
807,24.05.2024 17:00:00,"17,08","0,02","0,02","1472,32"
808,24.05.2024 19:00:00,"17,11","0,02","0,02","1472,43"
809,24.05.2024 21:00:00,"17,14","0,02","0,02","1472,53"
810,24.05.2024 23:00:00,"17,14","0,02","0,02","1472,53"
811,25.05.2024 01:00:00,"17,11","0,02","0,02","1472,43"
812,25.05.2024 03:00:00,"17,08","0,02","0,02","1472,32"
813,25.05.2024 05:00:00,"17,08","0,02","0,02","1472,32"
814,25.05.2024 07:00:00,"17,05","0,02","0,02","1472,22"
815,25.05.2024 09:00:00,"17,05","0,02","0,02","1472,22"
816,25.05.2024 11:00:00,"17,02","0,02","0,02","1472,12"
817,25.05.2024 13:00:00,"17,05","0,02","0,02","1472,22"
818,25.05.2024 15:00:00,"17,08","0,02","0,02","1472,32"
819,25.05.2024 17:00:00,"17,26","0,02","0,02","1472,93"
820,25.05.2024 19:00:00,"17,35","0,02","0,02","1473,23"
821,25.05.2024 21:00:00,"17,32","0,02","0,02","1473,13"
822,25.05.2024 23:00:00,"17,29","0,02","0,02","1473,03"
823,26.05.2024 01:00:00,"17,26","0,02","0,02","1472,93"
824,26.05.2024 03:00:00,"17,23","0,02","0,02","1472,83"
825,26.05.2024 05:00:00,"17,20","0,02","0,02","1472,73"
826,26.05.2024 07:00:00,"17,20","0,02","0,02","1472,73"
827,26.05.2024 09:00:00,"17,23","0,02","0,02","1472,83"
828,26.05.2024 11:00:00,"17,26","0,02","0,02","1472,93"
829,26.05.2024 13:00:00,"17,32","0,02","0,02","1473,13"
830,26.05.2024 15:00:00,"17,41","0,02","0,02","1473,43"
831,26.05.2024 17:00:00,"17,56","0,02","0,02","1473,93"
832,26.05.2024 19:00:00,"17,59","0,02","0,02","1474,03"
833,26.05.2024 21:00:00,"17,59","0,02","0,02","1474,03"
834,26.05.2024 23:00:00,"17,62","0,02","0,02","1474,12"
835,27.05.2024 01:00:00,"17,62","0,02","0,02","1474,12"
836,27.05.2024 03:00:00,"17,59","0,02","0,02","1474,03"
837,27.05.2024 05:00:00,"17,53","0,02","0,02","1473,83"
838,27.05.2024 07:00:00,"17,47","0,02","0,02","1473,63"
839,27.05.2024 09:00:00,"17,41","0,02","0,02","1473,43"
840,27.05.2024 11:00:00,"17,41","0,02","0,02","1473,43"
841,27.05.2024 13:00:00,"17,41","0,02","0,02","1473,43"
842,27.05.2024 15:00:00,"17,41","0,02","0,02","1473,43"
843,27.05.2024 17:00:00,"17,41","0,02","0,02","1473,43"
844,27.05.2024 19:00:00,"17,38","0,02","0,02","1473,33"
845,27.05.2024 21:00:00,"17,32","0,02","0,02","1473,13"
846,27.05.2024 23:00:00,"17,26","0,02","0,02","1472,93"
847,28.05.2024 01:00:00,"17,20","0,02","0,02","1472,73"
848,28.05.2024 03:00:00,"17,17","0,02","0,02","1472,63"
849,28.05.2024 05:00:00,"17,14","0,02","0,02","1472,53"
850,28.05.2024 07:00:00,"17,11","0,02","0,02","1472,43"
851,28.05.2024 09:00:00,"17,05","0,02","0,02","1472,22"
852,28.05.2024 11:00:00,"17,02","0,02","0,02","1472,12"
853,28.05.2024 13:00:00,"17,02","0,02","0,02","1472,12"
854,28.05.2024 15:00:00,"16,99","0,02","0,02","1472,02"
855,28.05.2024 17:00:00,"16,99","0,02","0,02","1472,02"
856,28.05.2024 19:00:00,"17,02","0,02","0,02","1472,12"
857,28.05.2024 21:00:00,"17,05","0,02","0,02","1472,22"
858,28.05.2024 23:00:00,"17,05","0,02","0,02","1472,22"
859,29.05.2024 01:00:00,"17,05","0,02","0,02","1472,22"
860,29.05.2024 03:00:00,"17,08","0,02","0,02","1472,32"
861,29.05.2024 05:00:00,"17,08","0,02","0,02","1472,32"
862,29.05.2024 07:00:00,"17,11","0,02","0,02","1472,43"
863,29.05.2024 09:00:00,"17,11","0,02","0,02","1472,43"
864,29.05.2024 11:00:00,"17,08","0,02","0,02","1472,32"
865,29.05.2024 13:00:00,"17,08","0,02","0,02","1472,32"
866,29.05.2024 15:00:00,"17,11","0,02","0,02","1472,43"
867,29.05.2024 17:00:00,"17,17","0,02","0,02","1472,63"
868,29.05.2024 19:00:00,"17,17","0,02","0,02","1472,63"
869,29.05.2024 21:00:00,"17,17","0,02","0,02","1472,63"
870,29.05.2024 23:00:00,"17,20","0,02","0,02","1472,73"
871,30.05.2024 01:00:00,"17,23","0,02","0,02","1472,83"
872,30.05.2024 03:00:00,"17,23","0,03","0,05","1472,85"
873,30.05.2024 05:00:00,"17,26","0,02","0,02","1472,93"
874,30.05.2024 07:00:00,"17,26","0,02","0,02","1472,93"
875,30.05.2024 09:00:00,"17,26","0,02","0,02","1472,93"
876,30.05.2024 11:00:00,"17,23","0,02","0,02","1472,83"
877,30.05.2024 13:00:00,"17,23","0,03","0,05","1472,85"
878,30.05.2024 15:00:00,"17,23","0,02","0,02","1472,83"
879,30.05.2024 17:00:00,"17,23","0,02","0,02","1472,83"
880,30.05.2024 19:00:00,"17,23","0,02","0,02","1472,83"
881,30.05.2024 21:00:00,"17,23","0,02","0,02","1472,83"
882,30.05.2024 23:00:00,"17,23","0,02","0,02","1472,83"
883,31.05.2024 01:00:00,"17,20","0,02","0,02","1472,73"
884,31.05.2024 03:00:00,"17,20","0,02","0,02","1472,73"
885,31.05.2024 05:00:00,"17,17","0,02","0,02","1472,63"
886,31.05.2024 07:00:00,"17,14","0,02","0,02","1472,53"
887,31.05.2024 09:00:00,"17,08","0,02","0,02","1472,32"
888,31.05.2024 11:00:00,"17,08","0,02","0,02","1472,32"
889,31.05.2024 13:00:00,"17,08","0,02","0,02","1472,32"
890,31.05.2024 15:00:00,"17,08","0,02","0,02","1472,32"
891,31.05.2024 17:00:00,"17,05","0,02","0,02","1472,22"
892,31.05.2024 19:00:00,"17,08","0,02","0,02","1472,32"
893,31.05.2024 21:00:00,"17,11","0,02","0,02","1472,43"
894,31.05.2024 23:00:00,"17,11","0,02","0,02","1472,43"
895,01.06.2024 01:00:00,"17,14","0,02","0,02","1472,53"
896,01.06.2024 03:00:00,"17,14","0,02","0,02","1472,53"
897,01.06.2024 05:00:00,"17,14","0,02","0,02","1472,53"
898,01.06.2024 07:00:00,"17,11","0,02","0,02","1472,43"
899,01.06.2024 09:00:00,"17,08","0,02","0,02","1472,32"
900,01.06.2024 11:00:00,"17,05","0,02","0,02","1472,22"
901,01.06.2024 13:00:00,"17,11","0,02","0,02","1472,43"
902,01.06.2024 15:00:00,"17,20","0,02","0,02","1472,73"
903,01.06.2024 17:00:00,"17,26","0,02","0,02","1472,93"
904,01.06.2024 19:00:00,"17,32","0,02","0,02","1473,13"
905,01.06.2024 21:00:00,"17,23","0,02","0,02","1472,83"
906,01.06.2024 23:00:00,"17,26","0,03","0,05","1472,95"
907,02.06.2024 01:00:00,"17,26","0,03","0,05","1472,95"
908,02.06.2024 03:00:00,"17,23","0,02","0,02","1472,83"
909,02.06.2024 05:00:00,"17,17","0,02","0,02","1472,63"
910,02.06.2024 07:00:00,"17,14","0,02","0,02","1472,53"
911,02.06.2024 09:00:00,"17,08","0,02","0,02","1472,32"
912,02.06.2024 11:00:00,"17,11","0,02","0,02","1472,43"
913,02.06.2024 13:00:00,"17,14","0,02","0,02","1472,53"
914,02.06.2024 15:00:00,"17,20","0,02","0,02","1472,73"
915,02.06.2024 17:00:00,"17,23","0,02","0,02","1472,83"
916,02.06.2024 19:00:00,"17,23","0,02","0,02","1472,83"
917,02.06.2024 21:00:00,"17,23","0,02","0,02","1472,83"
918,02.06.2024 23:00:00,"17,23","0,02","0,02","1472,83"
919,03.06.2024 01:00:00,"17,26","0,02","0,02","1472,93"
920,03.06.2024 03:00:00,"17,29","0,02","0,02","1473,03"
921,03.06.2024 05:00:00,"17,29","0,02","0,02","1473,03"
922,03.06.2024 07:00:00,"17,29","0,02","0,02","1473,03"
923,03.06.2024 09:00:00,"17,29","0,02","0,02","1473,03"
924,03.06.2024 11:00:00,"17,32","0,02","0,02","1473,13"
925,03.06.2024 13:00:00,"17,32","0,02","0,02","1473,13"
926,03.06.2024 15:00:00,"17,32","0,02","0,02","1473,13"
927,03.06.2024 17:00:00,"17,38","0,02","0,02","1473,33"
928,03.06.2024 19:00:00,"17,44","0,02","0,02","1473,53"
929,03.06.2024 21:00:00,"17,44","0,02","0,02","1473,53"
930,03.06.2024 23:00:00,"17,44","0,03","0,05","1473,55"
931,04.06.2024 01:00:00,"17,44","0,02","0,02","1473,53"
932,04.06.2024 03:00:00,"17,47","0,02","0,02","1473,63"
933,04.06.2024 05:00:00,"17,50","0,02","0,02","1473,73"
934,04.06.2024 07:00:00,"17,47","0,02","0,02","1473,63"
935,04.06.2024 09:00:00,"17,44","0,02","0,02","1473,53"
936,04.06.2024 11:00:00,"17,41","0,02","0,02","1473,43"
937,04.06.2024 13:00:00,"17,44","0,02","0,02","1473,53"
938,04.06.2024 15:00:00,"17,44","0,02","0,02","1473,53"
939,04.06.2024 17:00:00,"17,44","0,02","0,02","1473,53"
940,04.06.2024 19:00:00,"17,44","0,02","0,02","1473,53"
941,04.06.2024 21:00:00,"17,47","0,02","0,02","1473,63"
942,04.06.2024 23:00:00,"17,50","0,02","0,02","1473,73"
943,05.06.2024 01:00:00,"17,47","0,02","0,02","1473,63"
944,05.06.2024 03:00:00,"17,47","0,02","0,02","1473,63"
945,05.06.2024 05:00:00,"17,47","0,02","0,02","1473,63"
946,05.06.2024 07:00:00,"17,50","0,02","0,02","1473,73"
947,05.06.2024 09:00:00,"17,53","0,02","0,02","1473,83"
948,05.06.2024 11:00:00,"17,53","0,02","0,02","1473,83"
949,05.06.2024 13:00:00,"17,56","0,03","0,05","1473,94"
950,05.06.2024 15:00:00,"17,62","0,02","0,02","1474,12"
951,05.06.2024 17:00:00,"17,65","0,03","0,05","1474,24"
952,05.06.2024 19:00:00,"17,68","0,02","0,02","1474,32"
953,05.06.2024 21:00:00,"17,74","0,02","0,02","1474,52"
954,05.06.2024 23:00:00,"17,80","0,02","0,02","1474,72"
955,06.06.2024 01:00:00,"17,83","0,02","0,02","1474,82"
956,06.06.2024 03:00:00,"17,83","0,02","0,02","1474,82"
957,06.06.2024 05:00:00,"17,83","0,02","0,02","1474,82"
958,06.06.2024 07:00:00,"17,89","0,02","0,02","1475,01"
959,06.06.2024 09:00:00,"17,89","0,02","0,02","1475,01"
960,06.06.2024 11:00:00,"17,95","0,03","0,05","1475,23"
961,06.06.2024 13:00:00,"17,98","0,02","0,02","1475,31"
962,06.06.2024 15:00:00,"18,10","0,02","0,02","1475,70"
963,06.06.2024 17:00:00,"18,16","0,02","0,02","1475,89"
964,06.06.2024 19:00:00,"18,16","0,02","0,02","1475,89"
965,06.06.2024 21:00:00,"18,16","0,02","0,02","1475,89"
966,06.06.2024 23:00:00,"18,16","0,02","0,02","1475,89"
967,07.06.2024 01:00:00,"18,13","0,02","0,02","1475,79"
968,07.06.2024 03:00:00,"18,10","0,02","0,02","1475,70"
969,07.06.2024 05:00:00,"18,01","0,02","0,02","1475,40"
970,07.06.2024 07:00:00,"17,98","0,02","0,02","1475,31"
971,07.06.2024 09:00:00,"17,98","0,02","0,02","1475,31"
972,07.06.2024 11:00:00,"17,98","0,02","0,02","1475,31"
973,07.06.2024 13:00:00,"18,01","0,02","0,02","1475,40"
974,07.06.2024 15:00:00,"18,07","0,02","0,02","1475,60"
975,07.06.2024 17:00:00,"18,07","0,02","0,02","1475,60"
976,07.06.2024 19:00:00,"18,10","0,02","0,02","1475,70"
977,07.06.2024 21:00:00,"18,10","0,02","0,02","1475,70"
978,07.06.2024 23:00:00,"18,10","0,02","0,02","1475,70"
979,08.06.2024 01:00:00,"18,04","0,02","0,02","1475,50"
980,08.06.2024 03:00:00,"18,01","0,03","0,05","1475,42"
981,08.06.2024 05:00:00,"17,98","0,02","0,02","1475,31"
982,08.06.2024 07:00:00,"17,89","0,02","0,02","1475,01"
983,08.06.2024 09:00:00,"17,77","0,02","0,02","1474,62"
984,08.06.2024 11:00:00,"17,65","0,02","0,02","1474,22"
985,08.06.2024 13:00:00,"17,71","0,02","0,02","1474,42"
986,08.06.2024 15:00:00,"17,83","0,02","0,02","1474,82"
987,08.06.2024 17:00:00,"17,92","0,02","0,02","1475,11"
988,08.06.2024 19:00:00,"17,98","0,02","0,02","1475,31"
989,08.06.2024 21:00:00,"18,10","0,02","0,02","1475,70"
990,08.06.2024 23:00:00,"18,22","0,02","0,02","1476,09"
991,09.06.2024 01:00:00,"18,25","0,02","0,02","1476,18"
992,09.06.2024 03:00:00,"18,22","0,02","0,02","1476,09"
993,09.06.2024 05:00:00,"18,16","0,02","0,02","1475,89"
994,09.06.2024 07:00:00,"18,13","0,02","0,02","1475,79"
995,09.06.2024 09:00:00,"18,16","0,02","0,02","1475,89"
996,09.06.2024 11:00:00,"18,16","0,02","0,02","1475,89"
997,09.06.2024 13:00:00,"18,16","0,02","0,02","1475,89"
998,09.06.2024 15:00:00,"18,19","0,02","0,02","1475,99"
999,09.06.2024 17:00:00,"18,19","0,02","0,02","1475,99"
1000,09.06.2024 19:00:00,"18,22","0,02","0,02","1476,09"
1001,09.06.2024 21:00:00,"18,22","0,02","0,02","1476,09"
1002,09.06.2024 23:00:00,"18,19","0,03","0,05","1476,01"
1003,10.06.2024 01:00:00,"18,13","0,02","0,02","1475,79"
1004,10.06.2024 03:00:00,"18,07","0,02","0,02","1475,60"
1005,10.06.2024 05:00:00,"18,04","0,02","0,02","1475,50"
1006,10.06.2024 07:00:00,"18,01","0,02","0,02","1475,40"
1007,10.06.2024 09:00:00,"17,95","0,02","0,02","1475,21"
1008,10.06.2024 11:00:00,"17,89","0,02","0,02","1475,01"
1009,10.06.2024 13:00:00,"17,89","0,02","0,02","1475,01"
1010,10.06.2024 15:00:00,"17,89","0,02","0,02","1475,01"
1011,10.06.2024 17:00:00,"17,92","0,02","0,02","1475,11"
1012,10.06.2024 19:00:00,"17,92","0,02","0,02","1475,11"
1013,10.06.2024 21:00:00,"17,89","0,02","0,02","1475,01"
1014,10.06.2024 23:00:00,"17,89","0,02","0,02","1475,01"
1015,11.06.2024 01:00:00,"17,89","0,02","0,02","1475,01"
1016,11.06.2024 03:00:00,"17,92","0,02","0,02","1475,11"
1017,11.06.2024 05:00:00,"17,89","0,02","0,02","1475,01"
1018,11.06.2024 07:00:00,"17,86","0,02","0,02","1474,91"
1019,11.06.2024 09:00:00,"17,86","0,02","0,02","1474,91"
1020,11.06.2024 11:00:00,"17,89","0,02","0,02","1475,01"
1021,11.06.2024 13:00:00,"17,92","0,02","0,02","1475,11"
1022,11.06.2024 15:00:00,"17,95","0,02","0,02","1475,21"
1023,11.06.2024 17:00:00,"17,95","0,02","0,02","1475,21"
1024,11.06.2024 19:00:00,"18,01","0,02","0,02","1475,40"
1025,11.06.2024 21:00:00,"18,04","0,02","0,02","1475,50"
1026,11.06.2024 23:00:00,"18,07","0,02","0,02","1475,60"
1027,12.06.2024 01:00:00,"18,07","0,02","0,02","1475,60"
1028,12.06.2024 03:00:00,"18,07","0,02","0,02","1475,60"
1029,12.06.2024 05:00:00,"18,10","0,02","0,02","1475,70"
1030,12.06.2024 07:00:00,"18,07","0,02","0,02","1475,60"
1031,12.06.2024 09:00:00,"18,04","0,02","0,02","1475,50"
1032,12.06.2024 11:00:00,"18,01","0,02","0,02","1475,40"
1033,12.06.2024 13:00:00,"18,04","0,02","0,02","1475,50"
1034,12.06.2024 15:00:00,"18,13","0,02","0,02","1475,79"
1035,12.06.2024 17:00:00,"18,13","0,02","0,02","1475,79"
1036,12.06.2024 19:00:00,"18,16","0,02","0,02","1475,89"
1037,12.06.2024 21:00:00,"18,16","0,02","0,02","1475,89"
1038,12.06.2024 23:00:00,"18,19","0,02","0,02","1475,99"
1039,13.06.2024 01:00:00,"18,19","0,02","0,02","1475,99"
1040,13.06.2024 03:00:00,"18,16","0,02","0,02","1475,89"
1041,13.06.2024 05:00:00,"18,13","0,02","0,02","1475,79"
1042,13.06.2024 07:00:00,"18,13","0,02","0,02","1475,79"
1043,13.06.2024 09:00:00,"18,10","0,02","0,02","1475,70"
1044,13.06.2024 11:00:00,"18,07","0,02","0,02","1475,60"
1045,13.06.2024 13:00:00,"18,07","0,03","0,05","1475,62"
1046,13.06.2024 15:00:00,"18,07","0,02","0,02","1475,60"
1047,13.06.2024 17:00:00,"18,13","0,02","0,02","1475,79"
1048,13.06.2024 19:00:00,"18,19","0,02","0,02","1475,99"
1049,13.06.2024 21:00:00,"18,22","0,02","0,02","1476,09"
1050,13.06.2024 23:00:00,"18,22","0,02","0,02","1476,09"
1051,14.06.2024 01:00:00,"18,22","0,02","0,02","1476,09"
1052,14.06.2024 03:00:00,"18,25","0,02","0,02","1476,18"
1053,14.06.2024 05:00:00,"18,25","0,02","0,02","1476,18"
1054,14.06.2024 07:00:00,"18,25","0,02","0,02","1476,18"
1055,14.06.2024 09:00:00,"18,25","0,02","0,02","1476,18"
1056,14.06.2024 11:00:00,"18,28","0,02","0,02","1476,28"
1057,14.06.2024 13:00:00,"18,31","0,02","0,02","1476,38"
1058,14.06.2024 15:00:00,"18,34","0,02","0,02","1476,47"
1059,14.06.2024 17:00:00,"18,34","0,02","0,02","1476,47"
1060,14.06.2024 19:00:00,"18,40","0,02","0,02","1476,67"
1061,14.06.2024 21:00:00,"18,49","0,02","0,02","1476,96"
1062,14.06.2024 23:00:00,"18,55","0,02","0,02","1477,15"
1063,15.06.2024 01:00:00,"18,58","0,02","0,02","1477,25"
1064,15.06.2024 03:00:00,"18,52","0,03","0,05","1477,07"
1065,15.06.2024 05:00:00,"18,58","0,02","0,02","1477,25"
1066,15.06.2024 07:00:00,"18,58","0,02","0,02","1477,25"
1067,15.06.2024 09:00:00,"18,55","0,02","0,02","1477,15"
1068,15.06.2024 11:00:00,"18,46","0,02","0,02","1476,86"
1069,15.06.2024 13:00:00,"18,58","0,02","0,02","1477,25"
1070,15.06.2024 15:00:00,"18,72","0,02","0,02","1477,73"
1071,15.06.2024 17:00:00,"18,87","0,02","0,02","1478,20"
1072,15.06.2024 19:00:00,"18,99","0,02","0,02","1478,58"
1073,15.06.2024 21:00:00,"18,93","0,02","0,02","1478,39"
1074,15.06.2024 23:00:00,"18,72","0,02","0,02","1477,73"
1075,16.06.2024 01:00:00,"18,40","0,02","0,02","1476,67"
1076,16.06.2024 03:00:00,"17,83","0,02","0,02","1474,82"
1077,16.06.2024 05:00:00,"17,20","0,02","0,02","1472,73"
1078,16.06.2024 07:00:00,"16,69","0,02","0,02","1471,01"
1079,16.06.2024 09:00:00,"16,59","0,02","0,02","1470,70"
1080,16.06.2024 11:00:00,"16,87","0,02","0,02","1471,62"
1081,16.06.2024 13:00:00,"17,20","0,02","0,02","1472,73"
1082,16.06.2024 15:00:00,"17,50","0,02","0,02","1473,73"
1083,16.06.2024 17:00:00,"17,74","0,03","0,05","1474,54"
1084,16.06.2024 19:00:00,"17,86","0,02","0,02","1474,91"
1085,16.06.2024 21:00:00,"17,92","0,02","0,02","1475,11"
1086,16.06.2024 23:00:00,"17,95","0,02","0,02","1475,21"
1087,17.06.2024 01:00:00,"18,01","0,02","0,02","1475,40"
1088,17.06.2024 03:00:00,"18,01","0,02","0,02","1475,40"
1089,17.06.2024 05:00:00,"18,04","0,02","0,02","1475,50"
1090,17.06.2024 07:00:00,"18,01","0,02","0,02","1475,40"
1091,17.06.2024 09:00:00,"17,98","0,02","0,02","1475,31"
1092,17.06.2024 11:00:00,"17,98","0,02","0,02","1475,31"
1093,17.06.2024 13:00:00,"17,98","0,02","0,02","1475,31"
1094,17.06.2024 15:00:00,"18,01","0,02","0,02","1475,40"
1095,17.06.2024 17:00:00,"18,04","0,02","0,02","1475,50"
1096,17.06.2024 19:00:00,"18,04","0,02","0,02","1475,50"
1097,17.06.2024 21:00:00,"18,04","0,02","0,02","1475,50"
1098,17.06.2024 23:00:00,"18,07","0,03","0,05","1475,62"
1099,18.06.2024 01:00:00,"18,07","0,02","0,02","1475,60"
1100,18.06.2024 03:00:00,"18,10","0,02","0,02","1475,70"
1101,18.06.2024 05:00:00,"18,10","0,02","0,02","1475,70"
1102,18.06.2024 07:00:00,"18,10","0,02","0,02","1475,70"
1103,18.06.2024 09:00:00,"18,13","0,02","0,02","1475,79"
1104,18.06.2024 11:00:00,"18,13","0,02","0,02","1475,79"
1105,18.06.2024 13:00:00,"18,13","0,02","0,02","1475,79"
1106,18.06.2024 15:00:00,"18,13","0,02","0,02","1475,79"
1107,18.06.2024 17:00:00,"18,16","0,02","0,02","1475,89"
1108,18.06.2024 19:00:00,"18,19","0,02","0,02","1475,99"
1109,18.06.2024 21:00:00,"18,22","0,02","0,02","1476,09"
1110,18.06.2024 23:00:00,"18,22","0,02","0,02","1476,09"
1111,19.06.2024 01:00:00,"18,25","0,02","0,02","1476,18"
1112,19.06.2024 03:00:00,"18,31","0,02","0,02","1476,38"
1113,19.06.2024 05:00:00,"18,34","0,02","0,02","1476,47"
1114,19.06.2024 07:00:00,"18,37","0,02","0,02","1476,57"
1115,19.06.2024 09:00:00,"18,37","0,02","0,02","1476,57"
1116,19.06.2024 11:00:00,"18,37","0,02","0,02","1476,57"
1117,19.06.2024 13:00:00,"18,40","0,02","0,02","1476,67"
1118,19.06.2024 15:00:00,"18,46","0,02","0,02","1476,86"
1119,19.06.2024 17:00:00,"18,52","0,02","0,02","1477,05"
1120,19.06.2024 19:00:00,"18,58","0,02","0,02","1477,25"
1121,19.06.2024 21:00:00,"18,64","0,02","0,02","1477,44"
1122,19.06.2024 23:00:00,"18,70","0,02","0,02","1477,63"
1123,20.06.2024 01:00:00,"18,72","0,02","0,02","1477,73"
1124,20.06.2024 03:00:00,"18,72","0,02","0,02","1477,73"
1125,20.06.2024 05:00:00,"18,78","0,02","0,02","1477,92"
1126,20.06.2024 07:00:00,"18,81","0,02","0,02","1478,01"
1127,20.06.2024 09:00:00,"18,90","0,02","0,02","1478,30"
1128,20.06.2024 11:00:00,"18,96","0,02","0,02","1478,49"
1129,20.06.2024 13:00:00,"19,02","0,02","0,02","1478,68"
1130,20.06.2024 15:00:00,"19,14","0,02","0,02","1479,06"
1131,20.06.2024 17:00:00,"19,26","0,02","0,02","1479,43"
1132,20.06.2024 19:00:00,"19,41","0,02","0,02","1479,90"
1133,20.06.2024 21:00:00,"19,47","0,02","0,02","1480,09"
1134,20.06.2024 23:00:00,"19,53","0,02","0,02","1480,28"
1135,21.06.2024 01:00:00,"19,59","0,02","0,02","1480,46"
1136,21.06.2024 03:00:00,"19,62","0,02","0,02","1480,56"
1137,21.06.2024 05:00:00,"19,65","0,02","0,02","1480,65"
1138,21.06.2024 07:00:00,"19,67","0,02","0,02","1480,74"
1139,21.06.2024 09:00:00,"19,70","0,02","0,02","1480,83"
1140,21.06.2024 11:00:00,"19,73","0,02","0,02","1480,93"
1141,21.06.2024 13:00:00,"19,79","0,02","0,02","1481,11"
1142,21.06.2024 15:00:00,"19,82","0,02","0,02","1481,21"
1143,21.06.2024 17:00:00,"19,85","0,02","0,02","1481,30"
1144,21.06.2024 19:00:00,"19,85","0,02","0,02","1481,30"
1145,21.06.2024 21:00:00,"19,91","0,02","0,02","1481,48"
1146,21.06.2024 23:00:00,"20,00","0,02","0,02","1481,76"
1147,22.06.2024 01:00:00,"20,09","0,02","0,02","1482,03"
1148,22.06.2024 03:00:00,"20,09","0,02","0,02","1482,03"
1149,22.06.2024 05:00:00,"19,97","0,02","0,02","1481,67"
1150,22.06.2024 07:00:00,"19,82","0,02","0,02","1481,21"
1151,22.06.2024 09:00:00,"19,70","0,02","0,02","1480,83"
1152,22.06.2024 11:00:00,"19,70","0,02","0,02","1480,83"
1153,22.06.2024 13:00:00,"19,88","0,02","0,02","1481,39"
1154,22.06.2024 15:00:00,"20,09","0,02","0,02","1482,03"
1155,22.06.2024 17:00:00,"20,18","0,02","0,02","1482,31"
1156,22.06.2024 19:00:00,"20,15","0,02","0,02","1482,22"
1157,22.06.2024 21:00:00,"20,12","0,02","0,02","1482,13"
1158,22.06.2024 23:00:00,"19,97","0,02","0,02","1481,67"
1159,23.06.2024 01:00:00,"19,82","0,02","0,02","1481,21"
1160,23.06.2024 03:00:00,"19,67","0,02","0,02","1480,74"
1161,23.06.2024 05:00:00,"19,50","0,02","0,02","1480,18"
1162,23.06.2024 07:00:00,"19,32","0,02","0,02","1479,62"
1163,23.06.2024 09:00:00,"19,17","0,02","0,02","1479,15"
1164,23.06.2024 11:00:00,"19,11","0,02","0,02","1478,96"
1165,23.06.2024 13:00:00,"19,35","0,02","0,02","1479,72"
1166,23.06.2024 15:00:00,"19,53","0,02","0,02","1480,28"
1167,23.06.2024 17:00:00,"19,62","0,02","0,02","1480,56"
1168,23.06.2024 19:00:00,"19,62","0,02","0,02","1480,56"
1169,23.06.2024 21:00:00,"19,65","0,02","0,02","1480,65"
1170,23.06.2024 23:00:00,"19,67","0,02","0,02","1480,74"
1171,24.06.2024 01:00:00,"19,67","0,02","0,02","1480,74"
1172,24.06.2024 03:00:00,"19,65","0,02","0,02","1480,65"
1173,24.06.2024 05:00:00,"19,59","0,02","0,02","1480,46"
1174,24.06.2024 07:00:00,"19,56","0,02","0,02","1480,37"
1175,24.06.2024 09:00:00,"19,56","0,02","0,02","1480,37"
1176,24.06.2024 11:00:00,"19,56","0,02","0,02","1480,37"
1177,24.06.2024 13:00:00,"19,53","0,02","0,02","1480,28"
1178,24.06.2024 15:00:00,"19,56","0,02","0,02","1480,37"
1179,24.06.2024 17:00:00,"19,62","0,02","0,02","1480,56"
1180,24.06.2024 19:00:00,"19,67","0,02","0,02","1480,74"
1181,24.06.2024 21:00:00,"19,73","0,02","0,02","1480,93"
1182,24.06.2024 23:00:00,"19,76","0,02","0,02","1481,02"
1183,25.06.2024 01:00:00,"19,76","0,02","0,02","1481,02"
1184,25.06.2024 03:00:00,"19,76","0,02","0,02","1481,02"
1185,25.06.2024 05:00:00,"19,79","0,02","0,02","1481,11"
1186,25.06.2024 07:00:00,"19,79","0,02","0,02","1481,11"
1187,25.06.2024 09:00:00,"19,73","0,02","0,02","1480,93"
1188,25.06.2024 11:00:00,"19,70","0,02","0,02","1480,83"
1189,25.06.2024 13:00:00,"19,67","0,03","0,05","1480,76"
1190,25.06.2024 15:00:00,"19,73","0,02","0,02","1480,93"
1191,25.06.2024 17:00:00,"19,79","0,02","0,02","1481,11"
1192,25.06.2024 19:00:00,"19,79","0,02","0,02","1481,11"
1193,25.06.2024 21:00:00,"19,82","0,02","0,02","1481,21"
1194,25.06.2024 23:00:00,"19,82","0,02","0,02","1481,21"
1195,26.06.2024 01:00:00,"19,82","0,02","0,02","1481,21"
1196,26.06.2024 03:00:00,"19,82","0,02","0,02","1481,21"
1197,26.06.2024 05:00:00,"19,79","0,02","0,02","1481,11"
1198,26.06.2024 07:00:00,"19,73","0,02","0,02","1480,93"
1199,26.06.2024 09:00:00,"19,73","0,02","0,02","1480,93"
1200,26.06.2024 11:00:00,"19,76","0,02","0,02","1481,02"
1201,26.06.2024 13:00:00,"19,79","0,02","0,02","1481,11"
1202,26.06.2024 15:00:00,"19,82","0,02","0,02","1481,21"
1203,26.06.2024 17:00:00,"19,91","0,02","0,02","1481,48"
1204,26.06.2024 19:00:00,"19,97","0,02","0,02","1481,67"
1205,26.06.2024 21:00:00,"20,03","0,02","0,02","1481,85"
1206,26.06.2024 23:00:00,"20,06","0,02","0,02","1481,94"
1207,27.06.2024 01:00:00,"20,09","0,02","0,02","1482,03"
1208,27.06.2024 03:00:00,"20,09","0,02","0,02","1482,03"
1209,27.06.2024 05:00:00,"20,09","0,02","0,02","1482,03"
1210,27.06.2024 07:00:00,"20,12","0,02","0,02","1482,13"
1211,27.06.2024 09:00:00,"20,09","0,02","0,02","1482,03"
1212,27.06.2024 11:00:00,"20,09","0,02","0,02","1482,03"
1213,27.06.2024 13:00:00,"20,06","0,02","0,02","1481,94"
1214,27.06.2024 15:00:00,"20,09","0,02","0,02","1482,03"
1215,27.06.2024 17:00:00,"20,12","0,02","0,02","1482,13"
1216,27.06.2024 19:00:00,"20,15","0,03","0,05","1482,23"
1217,27.06.2024 21:00:00,"20,18","0,02","0,02","1482,31"
1218,27.06.2024 23:00:00,"20,18","0,02","0,02","1482,31"
1219,28.06.2024 01:00:00,"20,18","0,02","0,02","1482,31"
1220,28.06.2024 03:00:00,"20,15","0,02","0,02","1482,22"
1221,28.06.2024 05:00:00,"20,09","0,02","0,02","1482,03"
1222,28.06.2024 07:00:00,"19,97","0,02","0,02","1481,67"
1223,28.06.2024 09:00:00,"19,88","0,03","0,05","1481,41"
1224,28.06.2024 11:00:00,"19,82","0,02","0,02","1481,21"
1225,28.06.2024 13:00:00,"19,79","0,02","0,02","1481,11"
1226,28.06.2024 15:00:00,"19,76","0,02","0,02","1481,02"
1227,28.06.2024 17:00:00,"19,73","0,02","0,02","1480,93"
1228,28.06.2024 19:00:00,"19,70","0,02","0,02","1480,83"
1229,28.06.2024 21:00:00,"19,70","0,02","0,02","1480,83"
1230,28.06.2024 23:00:00,"19,53","0,02","0,02","1480,28"
1231,29.06.2024 01:00:00,"19,29","0,02","0,02","1479,53"
1232,29.06.2024 03:00:00,"19,08","0,02","0,02","1478,87"
1233,29.06.2024 05:00:00,"18,99","0,02","0,02","1478,58"
1234,29.06.2024 07:00:00,"18,90","0,02","0,02","1478,30"
1235,29.06.2024 09:00:00,"18,93","0,02","0,02","1478,39"
1236,29.06.2024 11:00:00,"19,05","0,02","0,02","1478,77"
1237,29.06.2024 13:00:00,"19,17","0,02","0,02","1479,15"
1238,29.06.2024 15:00:00,"19,14","0,02","0,02","1479,06"
1239,29.06.2024 17:00:00,"19,08","0,02","0,02","1478,87"
1240,29.06.2024 19:00:00,"18,96","0,02","0,02","1478,49"
1241,29.06.2024 21:00:00,"18,90","0,02","0,02","1478,30"
1242,29.06.2024 23:00:00,"19,05","0,02","0,02","1478,77"
1243,30.06.2024 01:00:00,"19,14","0,02","0,02","1479,06"
1244,30.06.2024 03:00:00,"19,11","0,02","0,02","1478,96"
1245,30.06.2024 05:00:00,"19,20","0,02","0,02","1479,24"
1246,30.06.2024 07:00:00,"19,41","0,03","0,05","1479,92"
1247,30.06.2024 09:00:00,"19,67","0,02","0,02","1480,74"
1248,30.06.2024 11:00:00,"20,06","0,02","0,02","1481,94"
1249,30.06.2024 13:00:00,"20,09","0,02","0,02","1482,03"
1250,30.06.2024 15:00:00,"20,12","0,02","0,02","1482,13"
1251,30.06.2024 17:00:00,"20,12","0,02","0,02","1482,13"
1252,30.06.2024 19:00:00,"20,12","0,02","0,02","1482,13"
1253,30.06.2024 21:00:00,"20,12","0,02","0,02","1482,13"
1254,30.06.2024 23:00:00,"20,09","0,02","0,02","1482,03"
1255,01.07.2024 01:00:00,"20,06","0,02","0,02","1481,94"
1256,01.07.2024 03:00:00,"20,03","0,02","0,02","1481,85"
1257,01.07.2024 05:00:00,"20,06","0,02","0,02","1481,94"
1258,01.07.2024 07:00:00,"20,09","0,02","0,02","1482,03"
1259,01.07.2024 09:00:00,"20,06","0,02","0,02","1481,94"
1260,01.07.2024 11:00:00,"20,03","0,02","0,02","1481,85"
1261,01.07.2024 13:00:00,"20,00","0,02","0,02","1481,76"
1262,01.07.2024 15:00:00,"20,03","0,02","0,02","1481,85"
1263,01.07.2024 17:00:00,"20,06","0,02","0,02","1481,94"
1264,01.07.2024 19:00:00,"20,03","0,02","0,02","1481,85"
1265,01.07.2024 21:00:00,"20,00","0,03","0,05","1481,77"
1266,01.07.2024 23:00:00,"20,00","0,02","0,02","1481,76"
1267,02.07.2024 01:00:00,"20,00","0,02","0,02","1481,76"
1268,02.07.2024 03:00:00,"19,97","0,02","0,02","1481,67"
1269,02.07.2024 05:00:00,"19,97","0,02","0,02","1481,67"
1270,02.07.2024 07:00:00,"19,94","0,02","0,02","1481,57"
1271,02.07.2024 09:00:00,"19,94","0,02","0,02","1481,57"
1272,02.07.2024 11:00:00,"19,94","0,02","0,02","1481,57"
1273,02.07.2024 13:00:00,"19,94","0,02","0,02","1481,57"
1274,02.07.2024 15:00:00,"19,94","0,02","0,02","1481,57"
1275,02.07.2024 17:00:00,"19,94","0,02","0,02","1481,57"
1276,02.07.2024 19:00:00,"19,97","0,02","0,02","1481,67"
1277,02.07.2024 21:00:00,"20,00","0,02","0,02","1481,76"
1278,02.07.2024 23:00:00,"20,00","0,02","0,02","1481,76"
1279,03.07.2024 01:00:00,"19,97","0,02","0,02","1481,67"
1280,03.07.2024 03:00:00,"20,00","0,03","0,05","1481,77"
1281,03.07.2024 05:00:00,"20,03","0,02","0,02","1481,85"
1282,03.07.2024 07:00:00,"20,06","0,03","0,05","1481,96"
1283,03.07.2024 09:00:00,"20,06","0,03","0,05","1481,96"
1284,03.07.2024 11:00:00,"20,06","0,03","0,05","1481,96"
1285,03.07.2024 13:00:00,"20,06","0,02","0,02","1481,94"
1286,03.07.2024 15:00:00,"20,09","0,02","0,02","1482,03"
1287,03.07.2024 17:00:00,"20,12","0,03","0,05","1482,14"
1288,03.07.2024 19:00:00,"20,15","0,02","0,02","1482,22"
1289,03.07.2024 21:00:00,"20,15","0,02","0,02","1482,22"
1290,03.07.2024 23:00:00,"20,15","0,03","0,05","1482,23"
1291,04.07.2024 01:00:00,"20,18","0,02","0,02","1482,31"
1292,04.07.2024 03:00:00,"20,15","0,02","0,02","1482,22"
1293,04.07.2024 05:00:00,"20,12","0,02","0,02","1482,13"
1294,04.07.2024 07:00:00,"20,09","0,03","0,05","1482,05"
1295,04.07.2024 09:00:00,"20,12","0,03","0,05","1482,14"
1296,04.07.2024 11:00:00,"20,12","0,02","0,02","1482,13"
1297,04.07.2024 13:00:00,"20,12","0,02","0,02","1482,13"
1298,04.07.2024 15:00:00,"20,12","0,03","0,05","1482,14"
1299,04.07.2024 17:00:00,"20,15","0,02","0,02","1482,22"
1300,04.07.2024 19:00:00,"20,18","0,02","0,02","1482,31"
1301,04.07.2024 21:00:00,"20,18","0,03","0,05","1482,32"
1302,04.07.2024 23:00:00,"20,21","0,02","0,02","1482,40"
1303,05.07.2024 01:00:00,"20,18","0,03","0,05","1482,32"
1304,05.07.2024 03:00:00,"20,18","0,03","0,05","1482,32"
1305,05.07.2024 05:00:00,"20,18","0,02","0,02","1482,31"
1306,05.07.2024 07:00:00,"20,15","0,02","0,02","1482,22"
1307,05.07.2024 09:00:00,"20,12","0,02","0,02","1482,13"
1308,05.07.2024 11:00:00,"20,09","0,02","0,02","1482,03"
1309,05.07.2024 13:00:00,"20,12","0,03","0,05","1482,14"
1310,05.07.2024 15:00:00,"20,15","0,03","0,05","1482,23"
1311,05.07.2024 17:00:00,"20,15","0,03","0,05","1482,23"
1312,05.07.2024 19:00:00,"20,15","0,02","0,02","1482,22"
1313,05.07.2024 21:00:00,"20,15","0,03","0,05","1482,23"
1314,05.07.2024 23:00:00,"20,18","0,03","0,05","1482,32"
1315,06.07.2024 01:00:00,"20,18","0,02","0,02","1482,31"
1316,06.07.2024 03:00:00,"20,15","0,03","0,05","1482,23"
1317,06.07.2024 05:00:00,"20,12","0,03","0,05","1482,14"
1318,06.07.2024 07:00:00,"20,09","0,03","0,05","1482,05"
1319,06.07.2024 09:00:00,"20,09","0,03","0,05","1482,05"
1320,06.07.2024 11:00:00,"20,09","0,03","0,05","1482,05"
1321,06.07.2024 13:00:00,"20,06","0,02","0,02","1481,94"
1322,06.07.2024 15:00:00,"20,03","0,02","0,02","1481,85"
1323,06.07.2024 17:00:00,"20,09","0,02","0,02","1482,03"
1324,06.07.2024 19:00:00,"20,15","0,02","0,02","1482,22"
1325,06.07.2024 21:00:00,"20,18","0,02","0,02","1482,31"
1326,06.07.2024 23:00:00,"20,18","0,03","0,05","1482,32"
1327,07.07.2024 01:00:00,"20,18","0,02","0,02","1482,31"
1328,07.07.2024 03:00:00,"20,18","0,03","0,05","1482,32"
1329,07.07.2024 05:00:00,"20,21","0,02","0,02","1482,40"
1330,07.07.2024 07:00:00,"20,15","0,03","0,05","1482,23"
1331,07.07.2024 09:00:00,"20,09","0,03","0,05","1482,05"
1332,07.07.2024 11:00:00,"20,06","0,03","0,05","1481,96"
1333,07.07.2024 13:00:00,"20,09","0,02","0,02","1482,03"
1334,07.07.2024 15:00:00,"20,12","0,02","0,02","1482,13"
1335,07.07.2024 17:00:00,"20,15","0,02","0,02","1482,22"
1336,07.07.2024 19:00:00,"20,15","0,03","0,05","1482,23"
1337,07.07.2024 21:00:00,"20,18","0,03","0,05","1482,32"
1338,07.07.2024 23:00:00,"20,27","0,03","0,05","1482,60"
1339,08.07.2024 01:00:00,"20,35","0,02","0,02","1482,86"
1340,08.07.2024 03:00:00,"20,38","0,03","0,05","1482,96"
1341,08.07.2024 05:00:00,"20,38","0,03","0,05","1482,96"
1342,08.07.2024 07:00:00,"20,35","0,03","0,05","1482,87"
1343,08.07.2024 09:00:00,"20,35","0,03","0,05","1482,87"
1344,08.07.2024 11:00:00,"20,35","0,03","0,05","1482,87"
1345,08.07.2024 13:00:00,"20,32","0,03","0,05","1482,78"
1346,08.07.2024 15:00:00,"20,32","0,03","0,05","1482,78"
1347,08.07.2024 17:00:00,"20,41","0,03","0,05","1483,05"
1348,08.07.2024 19:00:00,"20,53","0,03","0,05","1483,42"
1349,08.07.2024 21:00:00,"20,50","0,03","0,05","1483,33"
1350,08.07.2024 23:00:00,"20,32","0,03","0,05","1482,78"
1351,09.07.2024 01:00:00,"20,18","0,02","0,02","1482,31"
1352,09.07.2024 03:00:00,"20,09","0,03","0,05","1482,05"
1353,09.07.2024 05:00:00,"19,97","0,02","0,02","1481,67"
1354,09.07.2024 07:00:00,"19,88","0,02","0,02","1481,39"
1355,09.07.2024 09:00:00,"19,94","0,02","0,02","1481,57"
1356,09.07.2024 11:00:00,"20,15","0,02","0,02","1482,22"
1357,09.07.2024 13:00:00,"20,35","0,03","0,05","1482,87"
1358,09.07.2024 15:00:00,"20,56","0,03","0,05","1483,51"
1359,09.07.2024 17:00:00,"20,74","0,03","0,05","1484,05"
1360,09.07.2024 19:00:00,"20,88","0,03","0,05","1484,50"
1361,09.07.2024 21:00:00,"21,03","0,03","0,05","1484,94"
1362,09.07.2024 23:00:00,"21,15","0,03","0,05","1485,30"
1363,10.07.2024 01:00:00,"21,18","0,03","0,05","1485,39"
1364,10.07.2024 03:00:00,"21,18","0,03","0,05","1485,39"
1365,10.07.2024 05:00:00,"21,15","0,03","0,05","1485,30"
1366,10.07.2024 07:00:00,"21,12","0,03","0,05","1485,21"
1367,10.07.2024 09:00:00,"21,15","0,03","0,05","1485,30"
1368,10.07.2024 11:00:00,"21,15","0,03","0,05","1485,30"
1369,10.07.2024 13:00:00,"21,12","0,03","0,05","1485,21"
1370,10.07.2024 15:00:00,"21,18","0,03","0,05","1485,39"
1371,10.07.2024 17:00:00,"21,30","0,03","0,05","1485,74"
1372,10.07.2024 19:00:00,"21,41","0,03","0,05","1486,09"
1373,10.07.2024 21:00:00,"21,50","0,03","0,05","1486,36"
1374,10.07.2024 23:00:00,"21,74","0,03","0,05","1487,06"
1375,11.07.2024 01:00:00,"22,03","0,03","0,05","1487,93"
1376,11.07.2024 03:00:00,"22,29","0,03","0,05","1488,71"
1377,11.07.2024 05:00:00,"22,41","0,03","0,05","1489,05"
1378,11.07.2024 07:00:00,"22,41","0,03","0,05","1489,05"
1379,11.07.2024 09:00:00,"22,47","0,03","0,05","1489,22"
1380,11.07.2024 11:00:00,"22,58","0,03","0,05","1489,56"
1381,11.07.2024 13:00:00,"22,67","0,03","0,05","1489,82"
1382,11.07.2024 15:00:00,"22,85","0,03","0,05","1490,33"
1383,11.07.2024 17:00:00,"23,11","0,03","0,05","1491,09"
1384,11.07.2024 19:00:00,"23,20","0,03","0,05","1491,34"
1385,11.07.2024 21:00:00,"23,14","0,03","0,05","1491,17"
1386,11.07.2024 23:00:00,"23,02","0,03","0,05","1490,83"
1387,12.07.2024 01:00:00,"22,73","0,03","0,05","1489,99"
1388,12.07.2024 03:00:00,"22,41","0,03","0,05","1489,05"
1389,12.07.2024 05:00:00,"22,12","0,03","0,05","1488,19"
1390,12.07.2024 07:00:00,"21,91","0,03","0,05","1487,58"
1391,12.07.2024 09:00:00,"21,85","0,03","0,05","1487,41"
1392,12.07.2024 11:00:00,"21,88","0,03","0,05","1487,50"
1393,12.07.2024 13:00:00,"22,06","0,03","0,05","1488,02"
1394,12.07.2024 15:00:00,"22,26","0,03","0,05","1488,62"
1395,12.07.2024 17:00:00,"22,64","0,03","0,05","1489,73"
1396,12.07.2024 19:00:00,"22,99","0,03","0,05","1490,75"
1397,12.07.2024 21:00:00,"23,11","0,03","0,05","1491,09"
1398,12.07.2024 23:00:00,"23,02","0,02","0,02","1490,82"
1399,13.07.2024 01:00:00,"22,93","0,03","0,05","1490,58"
1400,13.07.2024 03:00:00,"22,85","0,03","0,05","1490,33"
1401,13.07.2024 05:00:00,"22,76","0,03","0,05","1490,07"
1402,13.07.2024 07:00:00,"22,61","0,03","0,05","1489,65"
1403,13.07.2024 09:00:00,"22,50","0,03","0,05","1489,31"
1404,13.07.2024 11:00:00,"22,41","0,03","0,05","1489,05"
1405,13.07.2024 13:00:00,"22,50","0,03","0,05","1489,31"
1406,13.07.2024 15:00:00,"22,58","0,03","0,05","1489,56"
1407,13.07.2024 17:00:00,"22,70","0,03","0,05","1489,90"
1408,13.07.2024 19:00:00,"23,11","0,03","0,05","1491,09"
1409,13.07.2024 21:00:00,"23,17","0,03","0,05","1491,25"
1410,13.07.2024 23:00:00,"23,08","0,03","0,05","1491,00"
1411,14.07.2024 01:00:00,"22,96","0,03","0,05","1490,66"
1412,14.07.2024 03:00:00,"22,85","0,03","0,05","1490,33"
1413,14.07.2024 05:00:00,"22,67","0,03","0,05","1489,82"
1414,14.07.2024 07:00:00,"22,53","0,03","0,05","1489,39"
1415,14.07.2024 09:00:00,"22,47","0,03","0,05","1489,22"
1416,14.07.2024 11:00:00,"22,47","0,03","0,05","1489,22"
1417,14.07.2024 13:00:00,"22,50","0,03","0,05","1489,31"
1418,14.07.2024 15:00:00,"22,53","0,03","0,05","1489,39"
1419,14.07.2024 17:00:00,"22,61","0,03","0,05","1489,65"
1420,14.07.2024 19:00:00,"22,79","0,03","0,05","1490,16"
1421,14.07.2024 21:00:00,"22,91","0,03","0,05","1490,50"
1422,14.07.2024 23:00:00,"22,93","0,03","0,05","1490,58"
1423,15.07.2024 01:00:00,"22,88","0,03","0,05","1490,41"
1424,15.07.2024 03:00:00,"22,79","0,03","0,05","1490,16"
1425,15.07.2024 05:00:00,"22,73","0,03","0,05","1489,99"
1426,15.07.2024 07:00:00,"22,67","0,03","0,05","1489,82"
1427,15.07.2024 09:00:00,"22,67","0,03","0,05","1489,82"
1428,15.07.2024 11:00:00,"22,67","0,03","0,05","1489,82"
1429,15.07.2024 13:00:00,"22,67","0,03","0,05","1489,82"
1430,15.07.2024 15:00:00,"22,73","0,03","0,05","1489,99"
1431,15.07.2024 17:00:00,"22,96","0,03","0,05","1490,66"
1432,15.07.2024 19:00:00,"23,20","0,03","0,05","1491,34"
1433,15.07.2024 21:00:00,"23,23","0,03","0,05","1491,42"
1434,15.07.2024 23:00:00,"23,20","0,03","0,05","1491,34"
1435,16.07.2024 01:00:00,"23,11","0,02","0,02","1491,07"
1436,16.07.2024 03:00:00,"22,99","0,03","0,05","1490,75"
1437,16.07.2024 05:00:00,"22,91","0,03","0,05","1490,50"
1438,16.07.2024 07:00:00,"22,82","0,03","0,05","1490,24"
1439,16.07.2024 09:00:00,"22,70","0,03","0,05","1489,90"
1440,16.07.2024 11:00:00,"22,79","0,03","0,05","1490,16"
1441,16.07.2024 13:00:00,"22,99","0,03","0,05","1490,75"
1442,16.07.2024 15:00:00,"23,14","0,03","0,05","1491,17"
1443,16.07.2024 17:00:00,"23,14","0,03","0,05","1491,17"
1444,16.07.2024 19:00:00,"23,23","0,03","0,05","1491,42"
1445,16.07.2024 21:00:00,"23,31","0,03","0,05","1491,67"
1446,16.07.2024 23:00:00,"23,26","0,03","0,05","1491,50"
1447,17.07.2024 01:00:00,"23,23","0,03","0,05","1491,42"
1448,17.07.2024 03:00:00,"23,02","0,03","0,05","1490,83"
1449,17.07.2024 05:00:00,"23,05","0,03","0,05","1490,92"
1450,17.07.2024 07:00:00,"23,05","0,03","0,05","1490,92"
1451,17.07.2024 09:00:00,"22,99","0,03","0,05","1490,75"
1452,17.07.2024 11:00:00,"22,96","0,03","0,05","1490,66"
1453,17.07.2024 13:00:00,"23,02","0,03","0,05","1490,83"
1454,17.07.2024 15:00:00,"23,14","0,03","0,05","1491,17"
1455,17.07.2024 17:00:00,"23,37","0,03","0,05","1491,84"
1456,17.07.2024 19:00:00,"23,61","0,03","0,05","1492,50"
1457,17.07.2024 21:00:00,"23,75","0,03","0,05","1492,92"
1458,17.07.2024 23:00:00,"23,75","0,03","0,05","1492,92"
1459,18.07.2024 01:00:00,"23,61","0,03","0,05","1492,50"
1460,18.07.2024 03:00:00,"23,43","0,03","0,05","1492,00"
1461,18.07.2024 05:00:00,"23,20","0,03","0,05","1491,34"
1462,18.07.2024 07:00:00,"23,02","0,03","0,05","1490,83"
1463,18.07.2024 09:00:00,"22,93","0,03","0,05","1490,58"
1464,18.07.2024 11:00:00,"22,99","0,03","0,05","1490,75"
1465,18.07.2024 13:00:00,"23,14","0,03","0,05","1491,17"
1466,18.07.2024 15:00:00,"23,26","0,03","0,05","1491,50"
1467,18.07.2024 17:00:00,"23,40","0,03","0,05","1491,92"
1468,18.07.2024 19:00:00,"23,46","0,02","0,02","1492,07"
1469,18.07.2024 21:00:00,"23,52","0,02","0,02","1492,24"
1470,18.07.2024 23:00:00,"23,49","0,03","0,05","1492,17"
1471,19.07.2024 01:00:00,"23,34","0,03","0,05","1491,75"
1472,19.07.2024 03:00:00,"23,08","0,03","0,05","1491,00"
1473,19.07.2024 05:00:00,"22,76","0,03","0,05","1490,07"
1474,19.07.2024 07:00:00,"22,44","0,03","0,05","1489,14"
1475,19.07.2024 09:00:00,"22,38","0,03","0,05","1488,96"
1476,19.07.2024 11:00:00,"22,41","0,03","0,05","1489,05"
1477,19.07.2024 13:00:00,"22,44","0,03","0,05","1489,14"
1478,19.07.2024 15:00:00,"22,47","0,03","0,05","1489,22"
1479,19.07.2024 17:00:00,"22,58","0,03","0,05","1489,56"
1480,19.07.2024 19:00:00,"22,76","0,03","0,05","1490,07"
1481,19.07.2024 21:00:00,"22,79","0,03","0,05","1490,16"
1482,19.07.2024 23:00:00,"22,76","0,03","0,05","1490,07"
1483,20.07.2024 01:00:00,"22,61","0,03","0,05","1489,65"
1484,20.07.2024 03:00:00,"22,44","0,03","0,05","1489,14"
1485,20.07.2024 05:00:00,"22,29","0,03","0,05","1488,71"
1486,20.07.2024 07:00:00,"22,12","0,03","0,05","1488,19"
1487,20.07.2024 09:00:00,"22,15","0,03","0,05","1488,28"
1488,20.07.2024 11:00:00,"22,20","0,03","0,05","1488,45"
1489,20.07.2024 13:00:00,"22,26","0,03","0,05","1488,62"
1490,20.07.2024 15:00:00,"22,47","0,03","0,05","1489,22"
1491,20.07.2024 17:00:00,"22,70","0,03","0,05","1489,90"
1492,20.07.2024 19:00:00,"22,82","0,03","0,05","1490,24"
1493,20.07.2024 21:00:00,"22,88","0,03","0,05","1490,41"
1494,20.07.2024 23:00:00,"22,79","0,03","0,05","1490,16"
1495,21.07.2024 01:00:00,"22,67","0,03","0,05","1489,82"
1496,21.07.2024 03:00:00,"22,58","0,03","0,05","1489,56"
1497,21.07.2024 05:00:00,"22,55","0,03","0,05","1489,48"
1498,21.07.2024 07:00:00,"22,50","0,03","0,05","1489,31"
1499,21.07.2024 09:00:00,"22,44","0,03","0,05","1489,14"
1500,21.07.2024 11:00:00,"22,38","0,03","0,05","1488,96"
1501,21.07.2024 13:00:00,"22,35","0,03","0,05","1488,88"
1502,21.07.2024 15:00:00,"22,44","0,03","0,05","1489,14"
1503,21.07.2024 17:00:00,"22,47","0,03","0,05","1489,22"
1504,21.07.2024 19:00:00,"22,44","0,03","0,05","1489,14"
1505,21.07.2024 21:00:00,"22,35","0,03","0,05","1488,88"
1506,21.07.2024 23:00:00,"22,26","0,03","0,05","1488,62"
1507,22.07.2024 01:00:00,"22,20","0,03","0,05","1488,45"
1508,22.07.2024 03:00:00,"22,03","0,03","0,05","1487,93"
1509,22.07.2024 05:00:00,"21,82","0,03","0,05","1487,32"
1510,22.07.2024 07:00:00,"21,65","0,03","0,05","1486,80"
1511,22.07.2024 09:00:00,"21,62","0,03","0,05","1486,71"
1512,22.07.2024 11:00:00,"21,62","0,03","0,05","1486,71"
1513,22.07.2024 13:00:00,"21,68","0,03","0,05","1486,89"
1514,22.07.2024 15:00:00,"21,68","0,03","0,05","1486,89"
1515,22.07.2024 17:00:00,"21,71","0,03","0,05","1486,97"
1516,22.07.2024 19:00:00,"21,71","0,03","0,05","1486,97"
1517,22.07.2024 21:00:00,"21,79","0,03","0,05","1487,23"
1518,22.07.2024 23:00:00,"21,74","0,03","0,05","1487,06"
1519,23.07.2024 01:00:00,"21,59","0,03","0,05","1486,62"
1520,23.07.2024 03:00:00,"21,41","0,03","0,05","1486,09"
1521,23.07.2024 05:00:00,"21,24","0,03","0,05","1485,56"
1522,23.07.2024 07:00:00,"21,12","0,03","0,05","1485,21"
1523,23.07.2024 09:00:00,"21,24","0,03","0,05","1485,56"
1524,23.07.2024 11:00:00,"21,50","0,03","0,05","1486,36"
1525,23.07.2024 13:00:00,"21,62","0,03","0,05","1486,71"
1526,23.07.2024 15:00:00,"21,82","0,03","0,05","1487,32"
1527,23.07.2024 17:00:00,"21,88","0,03","0,05","1487,50"
1528,23.07.2024 19:00:00,"21,85","0,03","0,05","1487,41"
1529,23.07.2024 21:00:00,"21,88","0,03","0,05","1487,50"
1530,23.07.2024 23:00:00,"21,97","0,03","0,05","1487,76"
1531,24.07.2024 01:00:00,"22,00","0,03","0,05","1487,84"
1532,24.07.2024 03:00:00,"21,97","0,03","0,05","1487,76"
1533,24.07.2024 05:00:00,"21,91","0,03","0,05","1487,58"
1534,24.07.2024 07:00:00,"21,82","0,03","0,05","1487,32"
1535,24.07.2024 09:00:00,"21,79","0,03","0,05","1487,23"
1536,24.07.2024 11:00:00,"21,76","0,03","0,05","1487,15"
1537,24.07.2024 13:00:00,"21,71","0,03","0,05","1486,97"
1538,24.07.2024 15:00:00,"21,59","0,03","0,05","1486,62"
1539,24.07.2024 17:00:00,"21,53","0,03","0,05","1486,45"
1540,24.07.2024 19:00:00,"21,50","0,03","0,05","1486,36"
1541,24.07.2024 21:00:00,"21,41","0,03","0,05","1486,09"
1542,24.07.2024 23:00:00,"21,44","0,03","0,05","1486,18"
1543,25.07.2024 01:00:00,"21,47","0,03","0,05","1486,27"
1544,25.07.2024 03:00:00,"21,44","0,03","0,05","1486,18"
1545,25.07.2024 05:00:00,"21,44","0,03","0,05","1486,18"
1546,25.07.2024 07:00:00,"21,41","0,03","0,05","1486,09"
1547,25.07.2024 09:00:00,"21,30","0,03","0,05","1485,74"
1548,25.07.2024 11:00:00,"21,09","0,03","0,05","1485,12"
1549,25.07.2024 13:00:00,"21,00","0,03","0,05","1484,85"
1550,25.07.2024 15:00:00,"21,12","0,03","0,05","1485,21"
1551,25.07.2024 17:00:00,"21,24","0,03","0,05","1485,56"
1552,25.07.2024 19:00:00,"21,35","0,03","0,05","1485,92"
1553,25.07.2024 21:00:00,"21,41","0,03","0,05","1486,09"
1554,25.07.2024 23:00:00,"21,44","0,03","0,05","1486,18"
1555,26.07.2024 01:00:00,"21,44","0,03","0,05","1486,18"
1556,26.07.2024 03:00:00,"21,44","0,03","0,05","1486,18"
1557,26.07.2024 05:00:00,"21,41","0,03","0,05","1486,09"
1558,26.07.2024 07:00:00,"21,32","0,03","0,05","1485,83"
1559,26.07.2024 09:00:00,"21,32","0,03","0,05","1485,83"
1560,26.07.2024 11:00:00,"21,32","0,03","0,05","1485,83"
1561,26.07.2024 13:00:00,"21,35","0,03","0,05","1485,92"
1562,26.07.2024 15:00:00,"21,38","0,03","0,05","1486,01"
1563,26.07.2024 17:00:00,"21,41","0,03","0,05","1486,09"
1564,26.07.2024 19:00:00,"21,44","0,03","0,05","1486,18"
1565,26.07.2024 21:00:00,"21,41","0,03","0,05","1486,09"
1566,26.07.2024 23:00:00,"21,38","0,03","0,05","1486,01"
1567,27.07.2024 01:00:00,"21,38","0,03","0,05","1486,01"
1568,27.07.2024 03:00:00,"21,41","0,03","0,05","1486,09"
1569,27.07.2024 05:00:00,"21,41","0,03","0,05","1486,09"
1570,27.07.2024 07:00:00,"21,35","0,03","0,05","1485,92"
1571,27.07.2024 09:00:00,"21,32","0,03","0,05","1485,83"
1572,27.07.2024 11:00:00,"21,32","0,03","0,05","1485,83"
1573,27.07.2024 13:00:00,"21,32","0,03","0,05","1485,83"
1574,27.07.2024 15:00:00,"21,35","0,03","0,05","1485,92"
1575,27.07.2024 17:00:00,"21,38","0,03","0,05","1486,01"
1576,27.07.2024 19:00:00,"21,41","0,03","0,05","1486,09"
1577,27.07.2024 21:00:00,"21,41","0,03","0,05","1486,09"
1578,27.07.2024 23:00:00,"21,44","0,03","0,05","1486,18"
1579,28.07.2024 01:00:00,"21,44","0,03","0,05","1486,18"
1580,28.07.2024 03:00:00,"21,44","0,03","0,05","1486,18"
1581,28.07.2024 05:00:00,"21,38","0,03","0,05","1486,01"
1582,28.07.2024 07:00:00,"21,35","0,03","0,05","1485,92"
1583,28.07.2024 09:00:00,"21,35","0,03","0,05","1485,92"
1584,28.07.2024 11:00:00,"21,35","0,03","0,05","1485,92"
1585,28.07.2024 13:00:00,"21,38","0,03","0,05","1486,01"
1586,28.07.2024 15:00:00,"21,38","0,03","0,05","1486,01"
1587,28.07.2024 17:00:00,"21,38","0,03","0,05","1486,01"
1588,28.07.2024 19:00:00,"21,41","0,03","0,05","1486,09"
1589,28.07.2024 21:00:00,"21,44","0,03","0,05","1486,18"
1590,28.07.2024 23:00:00,"21,47","0,03","0,05","1486,27"
1591,29.07.2024 01:00:00,"21,47","0,03","0,05","1486,27"
1592,29.07.2024 03:00:00,"21,44","0,03","0,05","1486,18"
1593,29.07.2024 05:00:00,"21,41","0,03","0,05","1486,09"
1594,29.07.2024 07:00:00,"21,35","0,03","0,05","1485,92"
1595,29.07.2024 09:00:00,"21,32","0,03","0,05","1485,83"
1596,29.07.2024 11:00:00,"21,30","0,03","0,05","1485,74"
1597,29.07.2024 13:00:00,"21,27","0,03","0,05","1485,65"
1598,29.07.2024 15:00:00,"21,30","0,03","0,05","1485,74"
1599,29.07.2024 17:00:00,"21,32","0,03","0,05","1485,83"
1600,29.07.2024 19:00:00,"21,32","0,03","0,05","1485,83"
1601,29.07.2024 21:00:00,"21,30","0,03","0,05","1485,74"
1602,29.07.2024 23:00:00,"21,21","0,03","0,05","1485,48"
1603,30.07.2024 01:00:00,"21,06","0,03","0,05","1485,03"
1604,30.07.2024 03:00:00,"21,00","0,03","0,05","1484,85"
1605,30.07.2024 05:00:00,"20,97","0,03","0,05","1484,76"
1606,30.07.2024 07:00:00,"20,97","0,03","0,05","1484,76"
1607,30.07.2024 09:00:00,"21,06","0,03","0,05","1485,03"
1608,30.07.2024 11:00:00,"21,24","0,03","0,05","1485,56"
1609,30.07.2024 13:00:00,"21,41","0,03","0,05","1486,09"
1610,30.07.2024 15:00:00,"21,59","0,03","0,05","1486,62"
1611,30.07.2024 17:00:00,"21,76","0,03","0,05","1487,15"
1612,30.07.2024 19:00:00,"21,88","0,03","0,05","1487,50"
1613,30.07.2024 21:00:00,"21,97","0,03","0,05","1487,76"
1614,30.07.2024 23:00:00,"21,97","0,03","0,05","1487,76"
1615,31.07.2024 01:00:00,"22,06","0,03","0,05","1488,02"
1616,31.07.2024 03:00:00,"22,15","0,03","0,05","1488,28"
1617,31.07.2024 05:00:00,"22,17","0,03","0,05","1488,36"
1618,31.07.2024 07:00:00,"22,15","0,03","0,05","1488,28"
1619,31.07.2024 09:00:00,"22,15","0,03","0,05","1488,28"
1620,31.07.2024 11:00:00,"22,23","0,03","0,05","1488,53"
1621,31.07.2024 13:00:00,"23,84","0,03","0,05","1493,16"